0,0.750758,0.187831,0.429701,1.43569,0.00270897,1.69851,
0.0024158,0.75075,0.18785,0.429715,1.43566,0.00275697,1.69852,
0.0050848,0.750741,0.18787,0.429729,1.43564,0.00280281,1.69852,
0.0076077,0.750736,0.187882,0.429738,1.43563,0.00283478,1.69853,
0.0100779,0.750728,0.187901,0.429751,1.43562,0.00287466,1.69853,
0.0126446,0.750723,0.187913,0.429759,1.43561,0.00289766,1.69854,
0.0150584,0.750718,0.187927,0.429767,1.4356,0.0029211,1.69854,
0.0175707,0.750709,0.187951,0.429779,1.43558,0.00295147,1.69856,
0.0200614,0.750698,0.187979,0.429793,1.43556,0.00298826,1.69859,
0.0229644,0.750691,0.187997,0.429802,1.43555,0.0030174,1.6986,
0.0255375,0.750682,0.188022,0.429817,1.43553,0.00305487,1.69862,
0.0281471,0.750673,0.188045,0.429831,1.43551,0.0030836,1.69864,
0.0305827,0.750666,0.188062,0.42984,1.43549,0.00310181,1.69865,
0.0329715,0.750659,0.188082,0.429851,1.43548,0.0031288,1.69867,
0.0353408,0.750647,0.188114,0.429867,1.43545,0.00317663,1.6987,
0.0379085,0.750639,0.188136,0.429878,1.43544,0.00321079,1.69872,
0.0402717,0.750627,0.188168,0.429895,1.43541,0.00326603,1.69875,
0.0426871,0.750619,0.188189,0.429906,1.43539,0.00330079,1.69877,
0.0450365,0.750611,0.188213,0.429917,1.43538,0.00333688,1.69879,
0.0474224,0.750597,0.188253,0.429934,1.43535,0.0033896,1.69883,
0.0498918,0.750587,0.188283,0.429946,1.43533,0.00342978,1.69886,
0.0524927,0.750564,0.188349,0.429973,1.43529,0.0035219,1.69893,
0.056304,0.750547,0.188401,0.429992,1.43526,0.00359965,1.69898,
0.0589585,0.750535,0.188436,0.430004,1.43524,0.00364916,1.69901,
0.0613153,0.750517,0.18849,0.430025,1.43521,0.00373162,1.69907,
0.0638713,0.750505,0.188524,0.430039,1.43519,0.00378551,1.69911,
0.0662336,0.750488,0.188575,0.430057,1.43516,0.00386144,1.69916,
0.0686516,0.750478,0.188606,0.430069,1.43514,0.00390953,1.69919,
0.0713387,0.750462,0.188653,0.430086,1.43512,0.00398719,1.69924,
0.0739864,0.750446,0.1887,0.430105,1.4351,0.00407024,1.69929,
0.0768612,0.750436,0.18873,0.430117,1.43508,0.00412048,1.69933,
0.0794102,0.750422,0.188773,0.430134,1.43506,0.00418738,1.69937,
0.0819953,0.750408,0.188814,0.43015,1.43503,0.00425466,1.69942,
0.0846086,0.750389,0.188866,0.430173,1.435,0.00435609,1.69947,
0.089059,0.750377,0.188903,0.430188,1.43498,0.00442543,1.69951,
0.0915849,0.75037,0.188925,0.430196,1.43497,0.00446272,1.69953,
0.0940318,0.750362,0.188947,0.430204,1.43496,0.00450061,1.69956,
0.0964795,0.750351,0.188982,0.430216,1.43494,0.00455624,1.6996,
0.0989502,0.750342,0.189009,0.430224,1.43493,0.00459797,1.69963,
0.101355,0.750329,0.18905,0.430235,1.43492,0.00466026,1.69967,
0.103906,0.750321,0.189079,0.430241,1.43492,0.00469827,1.69971,
0.106336,0.750309,0.18912,0.430249,1.43491,0.00474966,1.69976,
0.108957,0.750301,0.189145,0.430254,1.43491,0.00477931,1.69979,
0.11134,0.75029,0.189182,0.43026,1.43492,0.00482648,1.69983,
0.113934,0.750284,0.189205,0.430265,1.43491,0.00485924,1.69986,
0.116426,0.750274,0.189238,0.430273,1.43491,0.00491258,1.6999,
0.119013,0.750264,0.18927,0.430281,1.43491,0.00497117,1.69994,
0.121585,0.750257,0.18929,0.430286,1.43491,0.00500848,1.69996,
0.124045,0.750248,0.18932,0.430294,1.43491,0.00506689,1.69999,
0.12665,0.750243,0.189337,0.430299,1.43491,0.00510274,1.70001,
0.129181,0.750237,0.189359,0.430302,1.43491,0.00515225,1.70004,
0.131904,0.75023,0.189383,0.430304,1.43492,0.00520776,1.70006,
0.134583,0.750226,0.1894,0.430304,1.43493,0.00524989,1.70008,
0.13701,0.750223,0.18942,0.430299,1.43496,0.00529436,1.70011,
0.139916,0.750216,0.189446,0.4303,1.43497,0.00535907,1.70014,
0.142588,0.750212,0.189463,0.430301,1.43498,0.0053998,1.70016,
0.145059,0.750207,0.189486,0.430301,1.43499,0.00545583,1.70018,
0.147664,0.750204,0.189501,0.430301,1.43499,0.00549317,1.7002,
0.150497,0.750198,0.189523,0.430301,1.435,0.00554705,1.70022,
0.152985,0.750194,0.189537,0.430302,1.435,0.00558394,1.70024,
0.155485,0.750187,0.18956,0.430307,1.435,0.00564521,1.70026,
0.157975,0.750182,0.189576,0.430311,1.435,0.00568834,1.70028,
0.160391,0.750175,0.189601,0.430315,1.435,0.00575578,1.7003,
0.162844,0.75017,0.189618,0.430317,1.43501,0.00580119,1.70032,
0.165205,0.750164,0.189643,0.430319,1.43502,0.00586304,1.70035,
0.16793,0.750157,0.189669,0.430322,1.43503,0.00592812,1.70038,
0.170578,0.750151,0.189687,0.430328,1.43503,0.00597553,1.7004,
0.17297,0.750142,0.189715,0.430337,1.43502,0.00605132,1.70043,
0.175895,0.750135,0.189735,0.430345,1.43501,0.00610574,1.70045,
0.178417,0.750126,0.189763,0.430356,1.435,0.00618369,1.70048,
0.181029,0.750117,0.189789,0.430366,1.43499,0.00625614,1.7005,
0.183601,0.750111,0.189808,0.430373,1.43498,0.00630467,1.70052,
0.186054,0.750101,0.189837,0.430384,1.43497,0.00638368,1.70055,
0.188567,0.750094,0.189857,0.430392,1.43496,0.00643824,1.70057,
0.190971,0.750087,0.189876,0.4304,1.43495,0.0064909,1.70059,
0.193413,0.750078,0.189902,0.430411,1.43494,0.00655875,1.70061,
0.195985,0.750073,0.189917,0.430418,1.43493,0.00660087,1.70063,
0.198477,0.750066,0.189938,0.430426,1.43493,0.00666199,1.70065,
0.201006,0.750061,0.189954,0.430432,1.43493,0.00670703,1.70067,
0.203482,0.750053,0.189978,0.430441,1.43492,0.00677557,1.70069,
0.206019,0.750048,0.189993,0.430447,1.43492,0.00681868,1.70071,
0.208426,0.750042,0.190014,0.430454,1.43492,0.00687678,1.70073,
0.210945,0.750036,0.190033,0.43046,1.43492,0.00693008,1.70075,
0.21401,0.750033,0.190045,0.430462,1.43492,0.00696459,1.70077,
0.216447,0.750027,0.190064,0.430468,1.43492,0.00702138,1.70079,
0.219007,0.750023,0.190077,0.430472,1.43492,0.00706362,1.7008,
0.221491,0.750017,0.190098,0.430478,1.43491,0.00713975,1.70082,
0.223962,0.750012,0.190113,0.430484,1.43491,0.00719691,1.70084,
0.226463,0.750003,0.190143,0.430491,1.43491,0.00729822,1.70087,
0.229949,0.749998,0.190162,0.430493,1.43492,0.00735265,1.7009,
0.232612,0.749995,0.190176,0.430494,1.43493,0.00738828,1.70091,
0.235282,0.74999,0.190197,0.430495,1.43494,0.00743242,1.70095,
0.238018,0.749985,0.190222,0.430497,1.43494,0.00746955,1.701,
0.240638,0.749981,0.190241,0.430499,1.43495,0.00749657,1.70103,
0.243092,0.749975,0.190266,0.4305,1.43496,0.00755274,1.70107,
0.246,0.749971,0.190283,0.430501,1.43497,0.00759699,1.70109,
0.248411,0.749965,0.190306,0.430503,1.43497,0.00766177,1.70112,
0.251107,0.74996,0.190329,0.430503,1.43497,0.00772869,1.70116,
0.253636,0.749957,0.190344,0.430502,1.43498,0.0077781,1.70117,
0.256062,0.749953,0.190367,0.430497,1.435,0.00784488,1.70121,
0.258601,0.749951,0.190385,0.430492,1.43501,0.00789181,1.70123,
0.261095,0.749947,0.190414,0.430485,1.43503,0.00796774,1.70126,
0.263583,0.749944,0.190434,0.43048,1.43504,0.00801952,1.70129,
0.266003,0.749939,0.190465,0.430469,1.43505,0.00809751,1.70133,
0.268578,0.749937,0.190485,0.430461,1.43507,0.00814376,1.70136,
0.270969,0.749935,0.190505,0.430451,1.43508,0.00819231,1.70139,
0.273318,0.749934,0.190534,0.430434,1.43511,0.00826094,1.70143,
0.276056,0.749934,0.190563,0.430416,1.43514,0.00833899,1.70148,
0.27862,0.749934,0.190581,0.430405,1.43516,0.00839595,1.7015,
0.281063,0.749934,0.190598,0.430395,1.43518,0.00845007,1.70152,
0.283415,0.749933,0.190627,0.430386,1.4352,0.0085377,1.70156,
0.285932,0.749933,0.190648,0.430378,1.43522,0.0086015,1.70159,
0.288356,0.749933,0.190681,0.430368,1.43524,0.00870626,1.70163,
0.291011,0.749933,0.190703,0.430364,1.43526,0.00877402,1.70166,
0.293491,0.749934,0.190735,0.430356,1.43528,0.00886676,1.70171,
0.295991,0.749936,0.190757,0.430351,1.4353,0.00892873,1.70174,
0.298425,0.749937,0.19079,0.430344,1.43532,0.00902203,1.70179,
0.300992,0.749937,0.190812,0.430341,1.43534,0.00908967,1.70182,
0.303439,0.749935,0.190848,0.430341,1.43535,0.00920685,1.70187,
0.306018,0.749934,0.190881,0.430341,1.43536,0.00932118,1.70191,
0.309083,0.749934,0.190913,0.430339,1.43537,0.00941967,1.70195,
0.311624,0.749935,0.190933,0.430336,1.43538,0.00947865,1.70198,
0.314069,0.749936,0.190954,0.430332,1.4354,0.0095401,1.70201,
0.316428,0.74994,0.190978,0.430323,1.43543,0.00961776,1.70205,
0.319006,0.749943,0.190998,0.430317,1.43544,0.00968343,1.70208,
0.321414,0.749946,0.191032,0.430309,1.43547,0.00978385,1.70213,
0.323942,0.749948,0.191053,0.430304,1.43548,0.00984847,1.70216,
0.326333,0.749951,0.191084,0.430297,1.43551,0.00994365,1.7022,
0.329007,0.749954,0.191109,0.430289,1.43553,0.010039,1.70224,
0.331548,0.749956,0.191125,0.430284,1.43554,0.0101029,1.70226,
0.33398,0.749958,0.191139,0.430279,1.43556,0.0101588,1.70229,
0.3364,0.749961,0.191161,0.43027,1.43558,0.0102432,1.70232,
0.338999,0.749964,0.191175,0.430263,1.43559,0.0103037,1.70235,
0.341327,0.749968,0.191197,0.430252,1.43562,0.0103906,1.70238,
0.343969,0.749971,0.191213,0.430245,1.43564,0.0104473,1.70241,
0.346526,0.749976,0.191239,0.430232,1.43567,0.0105166,1.70245,
0.348984,0.749981,0.191257,0.43022,1.4357,0.0105662,1.70249,
0.351485,0.749989,0.191287,0.430201,1.43574,0.0106562,1.70254,
0.353989,0.749998,0.191315,0.43018,1.43579,0.0107353,1.70259,
0.356999,0.750004,0.191335,0.430164,1.43583,0.0107649,1.70263,
0.359365,0.750014,0.191362,0.430137,1.43589,0.0108378,1.70268,
0.361971,0.750022,0.191379,0.430117,1.43594,0.0108963,1.70271,
0.364509,0.750035,0.191405,0.430085,1.43601,0.0109835,1.70276,
0.366985,0.750045,0.191424,0.43006,1.43606,0.0110349,1.70279,
0.369472,0.750063,0.191454,0.43002,1.43615,0.0111103,1.70284,
0.372015,0.75008,0.191483,0.429979,1.43624,0.0112014,1.70289,
0.374592,0.75009,0.1915,0.429952,1.43629,0.0112627,1.70292,
0.37703,0.750101,0.191516,0.429926,1.43635,0.01132,1.70295,
0.379369,0.750115,0.191539,0.42989,1.43642,0.0113925,1.703,
0.381732,0.750125,0.191554,0.429866,1.43648,0.0114376,1.70302,
0.3841,0.750135,0.191568,0.429842,1.43653,0.0114883,1.70305,
0.386538,0.750149,0.191588,0.429809,1.4366,0.0115588,1.70308,
0.388957,0.750158,0.1916,0.429789,1.43665,0.0116046,1.7031,
0.391265,0.750169,0.191615,0.429763,1.4367,0.0116679,1.70313,
0.393593,0.750175,0.191623,0.429747,1.43674,0.0116993,1.70315,
0.395948,0.750181,0.191631,0.429732,1.43678,0.0117282,1.70316,
0.398232,0.75019,0.19164,0.429708,1.43683,0.0117673,1.70319,
0.400604,0.750196,0.191647,0.429691,1.43687,0.0118015,1.7032,
0.403033,0.750205,0.191657,0.429666,1.43691,0.0118596,1.70322,
0.40555,0.750212,0.191664,0.429648,1.43695,0.0119004,1.70323,
0.407942,0.750219,0.191672,0.429626,1.437,0.0119391,1.70325,
0.410121,0.750227,0.191681,0.4296,1.43705,0.0119821,1.70326,
0.412395,0.750241,0.191695,0.429553,1.43715,0.0120598,1.70329,
0.414577,0.75025,0.191704,0.42952,1.43722,0.0121133,1.70331,
0.416952,0.750258,0.191709,0.429487,1.43727,0.0121661,1.70331,
0.419266,0.750274,0.19172,0.429429,1.43738,0.0122521,1.70333,
0.421932,0.750285,0.191727,0.429391,1.43744,0.0123093,1.70334,
0.42435,0.7503,0.191736,0.429332,1.43755,0.0123862,1.70336,
0.426915,0.750311,0.191739,0.429293,1.43762,0.0124405,1.70337,
0.429264,0.750327,0.191741,0.429232,1.43772,0.0125261,1.70337,
0.431572,0.75034,0.19174,0.429185,1.4378,0.0125826,1.70337,
0.434032,0.750368,0.191738,0.429075,1.43798,0.0127005,1.70337,
0.43797,0.750383,0.191737,0.429016,1.43808,0.0127525,1.70337,
0.440371,0.750405,0.191735,0.428936,1.43821,0.0128359,1.70336,
0.442756,0.75042,0.191735,0.428882,1.43831,0.0129002,1.70336,
0.445129,0.750445,0.191735,0.42879,1.43846,0.0130092,1.70336,
0.447878,0.750462,0.191736,0.428724,1.43857,0.0130835,1.70336,
0.450435,0.750489,0.19174,0.42862,1.43874,0.0132114,1.70336,
0.453105,0.750515,0.191743,0.428515,1.43892,0.0133268,1.70336,
0.455904,0.750534,0.191746,0.42844,1.43905,0.0134085,1.70336,
0.458431,0.750563,0.191751,0.428313,1.43926,0.0135396,1.70336,
0.461041,0.75058,0.191751,0.428245,1.43938,0.0136125,1.70336,
0.463563,0.750608,0.191752,0.428128,1.43957,0.0137322,1.70336,
0.466007,0.750646,0.191752,0.427969,1.43984,0.013897,1.70336,
0.469604,0.750665,0.19175,0.42789,1.43998,0.0139734,1.70335,
0.472097,0.750686,0.191749,0.427808,1.44013,0.0140465,1.70335,
0.474533,0.750722,0.191747,0.427664,1.44039,0.0141639,1.70335,
0.477012,0.75076,0.191742,0.427522,1.44066,0.0142959,1.70335,
0.479914,0.750789,0.191737,0.42742,1.44085,0.0143949,1.70335,
0.482361,0.75083,0.191721,0.427297,1.44112,0.0145182,1.70334,
0.485001,0.750864,0.19171,0.427186,1.44134,0.0146182,1.70334,
0.487524,0.750918,0.191687,0.427014,1.44168,0.0147657,1.70332,
0.490038,0.750957,0.19167,0.426884,1.44192,0.0148631,1.7033,
0.492498,0.751023,0.19165,0.426663,1.44233,0.0150279,1.70329,
0.495009,0.751072,0.191636,0.426497,1.44264,0.0151432,1.70328,
0.497561,0.751146,0.191616,0.426255,1.4431,0.0153197,1.70327,
0.500096,0.75123,0.191581,0.425981,1.44362,0.0154845,1.70324,
0.502675,0.751287,0.191559,0.425786,1.44398,0.0156006,1.70323,
0.505236,0.751377,0.191541,0.425485,1.44454,0.015796,1.70322,
0.508036,0.751465,0.191529,0.425189,1.4451,0.0159992,1.70323,
0.510839,0.751561,0.191516,0.424866,1.44572,0.016212,1.70324,
0.513671,0.751631,0.191504,0.424644,1.44615,0.0163533,1.70325,
0.516267,0.751734,0.191488,0.424296,1.44682,0.0165595,1.70326,
0.518806,0.751806,0.191481,0.424052,1.44729,0.0167134,1.70327,
0.521449,0.751921,0.19147,0.423653,1.44804,0.0169581,1.70329,
0.52402,0.752002,0.191456,0.423364,1.44858,0.0171254,1.70329,
0.526475,0.752131,0.191422,0.422919,1.44941,0.0173811,1.70328,
0.52904,0.752262,0.191371,0.422472,1.45022,0.0176178,1.70325,
0.531947,0.752396,0.191313,0.422013,1.45107,0.0178551,1.70322,
0.534644,0.752488,0.191264,0.421707,1.45165,0.0180068,1.70318,
0.537174,0.752633,0.191193,0.421217,1.45254,0.0182288,1.70313,
0.54,0.752737,0.191153,0.420863,1.45319,0.0183874,1.70311,
0.542556,0.752893,0.19113,0.420295,1.4542,0.018594,1.70313,
0.545128,0.753057,0.19108,0.419716,1.45524,0.018847,1.70312,
0.547964,0.753166,0.191053,0.419335,1.45593,0.0190135,1.70311,
0.550438,0.753337,0.191006,0.418741,1.45701,0.019259,1.70311,
0.553078,0.753516,0.190976,0.418098,1.45817,0.0195248,1.70312,
0.555981,0.75364,0.190955,0.417651,1.45898,0.0197074,1.70314,
0.558434,0.75383,0.19091,0.416969,1.46021,0.019981,1.70313,
0.561048,0.754012,0.190866,0.416296,1.46143,0.0202565,1.70312,
0.56366,0.754135,0.190836,0.415841,1.46227,0.0204323,1.70312,
0.566148,0.754329,0.190791,0.415109,1.46357,0.0207145,1.70311,
0.569076,0.754526,0.190769,0.414348,1.46492,0.0210067,1.70314,
0.572041,0.754729,0.190742,0.413583,1.4663,0.021271,1.70318,
0.574649,0.754871,0.190721,0.413044,1.46726,0.0214577,1.7032,
0.577198,0.755164,0.190688,0.41193,1.46916,0.0218556,1.70323,
0.581037,0.755314,0.19067,0.411351,1.47028,0.0220768,1.70328,
0.583592,0.755539,0.190624,0.410517,1.47168,0.0223146,1.70329,
0.585977,0.75569,0.190595,0.40993,1.4727,0.0225193,1.70329,
0.588444,0.755919,0.190549,0.409048,1.47424,0.0228189,1.70331,
0.590981,0.756071,0.190518,0.408453,1.47528,0.0230252,1.70332,
0.593468,0.75638,0.190459,0.407244,1.4774,0.0234339,1.70335,
0.596649,0.756617,0.190421,0.4063,1.47905,0.0237616,1.70338,
0.599972,0.756852,0.190394,0.405374,1.48068,0.0240825,1.70344,
0.603163,0.757095,0.190371,0.404395,1.48237,0.0244337,1.70349,
0.605646,0.757257,0.190354,0.403728,1.48351,0.0246609,1.70351,
0.608086,0.757471,0.19028,0.40281,1.48507,0.0249392,1.70348,
0.610628,0.757631,0.190246,0.402148,1.48621,0.0251635,1.70349,
0.613095,0.757792,0.190217,0.401488,1.48735,0.0253866,1.7035,
0.615492,0.758038,0.190172,0.40049,1.48909,0.0257289,1.70353,
0.617976,0.758203,0.190136,0.399821,1.49024,0.0259453,1.70353,
0.62036,0.75845,0.190092,0.398811,1.49199,0.0262822,1.70356,
0.62302,0.758699,0.190045,0.397798,1.49375,0.0266436,1.70358,
0.625689,0.759026,0.189956,0.396463,1.49604,0.0270885,1.70357,
0.629954,0.759191,0.189895,0.395783,1.49719,0.0272996,1.70355,
0.632477,0.759438,0.189797,0.394802,1.49888,0.027602,1.70351,
0.635109,0.759607,0.189727,0.394119,1.50005,0.0278241,1.70347,
0.63752,0.759866,0.189612,0.393091,1.50182,0.0281271,1.70342,
0.640048,0.760035,0.189533,0.392436,1.50296,0.0283181,1.70338,
0.642503,0.760291,0.189444,0.391396,1.50472,0.0286614,1.70335,
0.644992,0.760455,0.18938,0.390733,1.50585,0.0288818,1.70332,
0.647268,0.760695,0.189274,0.389754,1.5075,0.0291886,1.70325,
0.64963,0.760857,0.18919,0.389115,1.50859,0.0293656,1.7032,
0.652139,0.761108,0.189052,0.388119,1.51027,0.029655,1.7031,
0.654904,0.761272,0.188964,0.387461,1.51138,0.0298588,1.70304,
0.657341,0.761517,0.18883,0.38651,1.51301,0.0301224,1.70295,
0.660027,0.761681,0.188747,0.385852,1.51412,0.0303125,1.7029,
0.662533,0.761901,0.188581,0.385124,1.51545,0.0304799,1.70278,
0.665022,0.762065,0.188466,0.384487,1.51652,0.0306889,1.70268,
0.66751,0.762305,0.18828,0.383573,1.51805,0.030968,1.70251,
0.670395,0.762632,0.188034,0.382311,1.52015,0.0313439,1.7023,
0.673594,0.762797,0.187916,0.381679,1.52121,0.0315328,1.7022,
0.676151,0.763043,0.187734,0.380737,1.52279,0.0317993,1.70205,
0.678633,0.763209,0.187602,0.38011,1.52384,0.0319892,1.70193,
0.68113,0.763459,0.187408,0.379159,1.52543,0.0322898,1.70176,
0.683935,0.763615,0.187276,0.378561,1.52644,0.0324882,1.70164,
0.686559,0.763844,0.187093,0.377659,1.52793,0.0328974,1.70147,
0.689147,0.764088,0.186865,0.376729,1.52949,0.0332008,1.70126,
0.691794,0.764247,0.186714,0.376134,1.53049,0.0333943,1.70112,
0.694297,0.764492,0.186475,0.375214,1.53202,0.0336658,1.7009,
0.696962,0.764653,0.186327,0.374601,1.53303,0.033848,1.70076,
0.699517,0.764897,0.186099,0.373678,1.53455,0.0341307,1.70055,
0.702068,0.76506,0.185935,0.37307,1.53555,0.0343099,1.7004,
0.704518,0.765294,0.185689,0.372175,1.53701,0.0345935,1.70016,
0.706966,0.765454,0.185517,0.371556,1.538,0.0347778,1.69998,
0.709473,0.765693,0.185241,0.370663,1.53944,0.0350051,1.6997,
0.712023,0.765853,0.185064,0.370074,1.5404,0.0351896,1.69953,
0.714495,0.766099,0.184777,0.369159,1.54186,0.0354892,1.69923,
0.717123,0.766341,0.184505,0.368259,1.54331,0.03576,1.69896,
0.720108,0.766581,0.184232,0.367375,1.54472,0.0360216,1.69867,
0.722623,0.766746,0.184024,0.366754,1.5457,0.036215,1.69845,
0.725386,0.766986,0.18372,0.365853,1.54712,0.0364927,1.69812,
0.728024,0.767112,0.183624,0.365284,1.54802,0.0366632,1.69804,
0.730519,0.76735,0.183308,0.364394,1.54942,0.0369391,1.69769,
0.733074,0.767671,0.182872,0.363214,1.55125,0.0373251,1.69721,
0.736606,0.767825,0.18266,0.362649,1.55213,0.0375058,1.69697,
0.739011,0.767984,0.182456,0.362049,1.55305,0.0376963,1.69675,
0.741384,0.768224,0.182133,0.361165,1.55442,0.0379752,1.69639,
0.744065,0.768459,0.181794,0.3603,1.55575,0.0382471,1.69601,
0.746651,0.768616,0.181555,0.359722,1.55663,0.0384267,1.69573,
0.749265,0.768853,0.181169,0.358864,1.55794,0.0387178,1.69527,
0.75194,0.769011,0.180915,0.358288,1.55879,0.038909,1.69497,
0.754399,0.769244,0.180547,0.357444,1.56008,0.0391791,1.69454,
0.757061,0.769397,0.180298,0.356888,1.56093,0.039361,1.69424,
0.75954,0.769627,0.179941,0.356026,1.56223,0.0396378,1.69384,
0.761994,0.769781,0.179689,0.355478,1.56307,0.0398268,1.69354,
0.764284,0.77002,0.179285,0.354642,1.56434,0.0401019,1.69306,
0.767156,0.770254,0.178874,0.353789,1.56561,0.0403632,1.69257,
0.769618,0.770404,0.178599,0.353248,1.56642,0.0405345,1.69224,
0.772025,0.770555,0.178321,0.3527,1.56724,0.040697,1.6919,
0.774481,0.770777,0.177891,0.351908,1.56842,0.0409282,1.69138,
0.777065,0.770928,0.177606,0.35135,1.56924,0.0410875,1.69103,
0.779637,0.771157,0.177146,0.350555,1.57041,0.0413224,1.69047,
0.782036,0.771313,0.176847,0.350016,1.57122,0.0414987,1.69011,
0.784444,0.771537,0.176417,0.349201,1.57241,0.0417424,1.68959,
0.787017,0.77169,0.176119,0.348655,1.57322,0.0418937,1.68923,
0.789505,0.771918,0.175667,0.347844,1.57442,0.0420996,1.68869,
0.791974,0.772069,0.175361,0.347327,1.57519,0.0422321,1.68833,
0.794341,0.772284,0.174844,0.346557,1.57627,0.0424048,1.68769,
0.796936,0.772434,0.174528,0.346012,1.57705,0.0425388,1.68732,
0.799304,0.772651,0.17404,0.345255,1.57814,0.0427435,1.68672,
0.801903,0.772796,0.173704,0.344743,1.57887,0.0428774,1.68631,
0.804367,0.773012,0.173209,0.343975,1.57995,0.0430813,1.68571,
0.807059,0.773164,0.172857,0.343445,1.5807,0.0432309,1.68528,
0.809522,0.773455,0.172184,0.342431,1.58214,0.0434912,1.68446,
0.812733,0.773599,0.171847,0.341909,1.58288,0.0436294,1.68405,
0.815131,0.773748,0.171495,0.341386,1.58362,0.0437556,1.68362,
0.817542,0.773971,0.170948,0.340601,1.58473,0.0439414,1.68295,
0.820028,0.774119,0.170591,0.3401,1.58544,0.0440624,1.68252,
0.82244,0.774342,0.170053,0.339323,1.58654,0.0442628,1.68187,
0.824998,0.774485,0.169701,0.338809,1.58726,0.0444082,1.68145,
0.827382,0.774769,0.168964,0.337811,1.58866,0.0446936,1.68054,
0.830586,0.774912,0.168574,0.337314,1.58934,0.0448326,1.68006,
0.833217,0.775121,0.168,0.33657,1.59036,0.0450292,1.67936,
0.835683,0.77526,0.167629,0.336023,1.59111,0.0451794,1.6789,
0.838103,0.77542,0.167212,0.335478,1.59189,0.0452565,1.6784,
0.84059,0.775608,0.166644,0.334804,1.59278,0.0454707,1.67769,
0.843557,0.775891,0.165842,0.3338,1.59415,0.0457211,1.6767,
0.846784,0.776032,0.165439,0.333301,1.59483,0.0458598,1.6762,
0.849125,0.776167,0.165055,0.332831,1.59546,0.0459991,1.67573,
0.851512,0.776364,0.164441,0.332303,1.59618,0.0461009,1.67496,
0.854038,0.776507,0.164019,0.331816,1.59682,0.0462204,1.67444,
0.856424,0.776714,0.163423,0.331071,1.59781,0.0464271,1.6737,
0.859008,0.776857,0.163006,0.330583,1.59846,0.0465459,1.67319,
0.861412,0.777068,0.162377,0.329876,1.59939,0.0467067,1.67241,
0.864107,0.777277,0.161752,0.329141,1.60034,0.0468747,1.67164,
0.866619,0.777415,0.161327,0.328667,1.60095,0.0469732,1.67112,
0.869123,0.777616,0.160699,0.32797,1.60184,0.0471494,1.67033,
0.87201,0.777805,0.160098,0.327299,1.60268,0.0474216,1.66958,
0.874632,0.777941,0.159653,0.326839,1.60325,0.0475432,1.66902,
0.877105,0.778137,0.158997,0.326157,1.60408,0.0477127,1.66819,
0.880024,0.778262,0.158564,0.325729,1.6046,0.0478107,1.66765,
0.882552,0.778458,0.157891,0.325062,1.60541,0.0479588,1.6668,
0.885113,0.778586,0.157446,0.324618,1.60594,0.0480488,1.66624,
0.887547,0.778776,0.156773,0.323947,1.60675,0.0481402,1.66539,
0.89002,0.778907,0.156291,0.323509,1.60727,0.0482241,1.66478,
0.892489,0.779095,0.155616,0.322872,1.60804,0.0483377,1.66394,
0.895077,0.779287,0.15492,0.322202,1.60885,0.0484852,1.66307,
0.897661,0.779412,0.154461,0.321776,1.60936,0.0485778,1.66249,
0.900283,0.779593,0.153795,0.321145,1.61009,0.0487081,1.66165,
0.903038,0.779781,0.153093,0.320505,1.61083,0.0488421,1.66077,
0.905666,0.779864,0.152844,0.320072,1.61134,0.048927,1.66046,
0.908198,0.780053,0.152151,0.319412,1.61211,0.0490379,1.6596,
0.910689,0.780177,0.15168,0.318988,1.6126,0.0490999,1.659,
0.913182,0.780362,0.150976,0.318371,1.61331,0.0491773,1.65812,
0.915632,0.780489,0.150493,0.317935,1.61381,0.0492448,1.65752,
0.918063,0.780671,0.149807,0.317289,1.61454,0.0493552,1.65666,
0.920742,0.780793,0.149335,0.31688,1.61501,0.049414,1.65606,
0.923532,0.780976,0.148619,0.316254,1.61576,0.04952,1.65518,
0.926189,0.781156,0.147914,0.31563,1.61646,0.0496314,1.65429,
0.928731,0.78128,0.147431,0.315192,1.61696,0.049712,1.65369,
0.931301,0.781465,0.146703,0.314562,1.61766,0.049783,1.65277,
0.933936,0.781586,0.146216,0.314164,1.61811,0.04982,1.65216,
0.936538,0.781767,0.145483,0.313531,1.61882,0.0498909,1.65124,
0.939191,0.781944,0.144773,0.312884,1.61954,0.0499693,1.65034,
0.941968,0.782066,0.144271,0.312477,1.61998,0.0500183,1.64971,
0.94448,0.782244,0.143521,0.311874,1.62062,0.0500775,1.64875,
0.947094,0.782414,0.142795,0.311276,1.62124,0.0501343,1.64783,
0.949624,0.78253,0.142293,0.310858,1.62168,0.0501866,1.64719,
0.952046,0.782645,0.141793,0.310465,1.62208,0.0502152,1.64655,
0.954571,0.782817,0.141039,0.309876,1.62267,0.0502502,1.64558,
0.957343,0.782989,0.14028,0.309275,1.62327,0.0502821,1.6446,
0.960061,0.783101,0.139773,0.308872,1.62367,0.0503125,1.64395,
0.9625,0.78327,0.138995,0.308274,1.62426,0.0503697,1.64295,
0.965035,0.783378,0.138494,0.307899,1.62461,0.0503852,1.6423,
0.967547,0.783538,0.137732,0.307331,1.62517,0.0504251,1.64133,
0.970049,0.783645,0.137223,0.306951,1.62553,0.0504476,1.64068,
0.972522,0.783806,0.13645,0.306366,1.6261,0.0504894,1.63969,
0.975046,0.783912,0.135931,0.305982,1.62647,0.0505034,1.63902,
0.977562,0.784069,0.135161,0.305433,1.62699,0.0504987,1.63803,
0.980042,0.784178,0.134625,0.305042,1.62736,0.0505127,1.63735,
0.98243,0.784336,0.133847,0.304448,1.62793,0.0505301,1.63635,
0.985058,0.784487,0.133088,0.303894,1.62844,0.0505311,1.63538,
0.987637,0.784593,0.132553,0.303525,1.62878,0.0505376,1.6347,
0.990114,0.784694,0.132039,0.303166,1.62911,0.0505292,1.63404,
0.992557,0.784845,0.131261,0.302598,1.62965,0.0505364,1.63305,
0.995049,0.784945,0.13074,0.302228,1.62999,0.0505359,1.63239,
0.997605,0.785093,0.129962,0.301683,1.63049,0.0505145,1.6314,
1.00002,0.785191,0.129435,0.301339,1.6308,0.0504909,1.63073,
1.00235,0.785334,0.128671,0.300791,1.6313,0.0504563,1.62975,
1.00496,0.785433,0.128132,0.300416,1.63163,0.050446,1.62906,
1.00727,0.78558,0.127323,0.299887,1.63208,0.0503986,1.62803,
1.00962,0.785674,0.12681,0.299541,1.63237,0.050366,1.62737,
1.01204,0.785768,0.12628,0.29921,1.63265,0.0503208,1.62669,
1.01456,0.785908,0.125498,0.298687,1.63308,0.0502837,1.62569,
1.01752,0.786048,0.124711,0.298149,1.63354,0.0502612,1.62469,
1.02007,0.786138,0.124197,0.2978,1.63384,0.0502306,1.62404,
1.02246,0.786277,0.123395,0.297312,1.63422,0.050165,1.62302,
1.02496,0.786372,0.122848,0.296973,1.63449,0.0501268,1.62232,
1.02731,0.786506,0.122067,0.296459,1.63491,0.0500585,1.62133,
1.02997,0.786598,0.121532,0.296106,1.63519,0.0500255,1.62065,
1.03239,0.786733,0.120737,0.295608,1.63558,0.0499473,1.61964,
1.03505,0.786825,0.120187,0.295292,1.63581,0.0498722,1.61894,
1.03773,0.786958,0.119389,0.294798,1.63618,0.0498131,1.61792,
1.04018,0.78709,0.118596,0.294253,1.63662,0.0497782,1.61692,
1.0429,0.787222,0.117794,0.293755,1.63699,0.0497248,1.6159,
1.04609,0.78735,0.117,0.293291,1.63733,0.0496529,1.6149,
1.04859,0.787436,0.116472,0.292964,1.63758,0.049605,1.61423,
1.05114,0.787561,0.115678,0.292661,1.6377,0.0495268,1.61321,
1.05398,0.78769,0.114868,0.292156,1.63807,0.0494722,1.61219,
1.05665,0.787774,0.114334,0.291828,1.63831,0.0494213,1.6115,
1.05922,0.787903,0.113507,0.291363,1.63864,0.0493327,1.61045,
1.06161,0.787985,0.11298,0.291041,1.63888,0.0492841,1.60978,
1.06404,0.788069,0.112434,0.29072,1.63912,0.0492229,1.60909,
1.06634,0.788192,0.111629,0.290216,1.6395,0.0491739,1.60807,
1.06898,0.788277,0.111073,0.289903,1.63971,0.0491145,1.60737,
1.0716,0.788399,0.110263,0.289436,1.64003,0.0490123,1.60635,
1.07406,0.788478,0.109735,0.289132,1.64023,0.0489343,1.60569,
1.0766,0.788601,0.108903,0.288665,1.64054,0.0488175,1.60464,
1.07908,0.78868,0.108367,0.288334,1.64077,0.048752,1.60397,
1.08143,0.788801,0.107543,0.287857,1.64108,0.0486302,1.60294,
1.08408,0.788922,0.106708,0.287413,1.64135,0.048482,1.6019,
1.08671,0.789,0.106172,0.28711,1.64154,0.0483741,1.60123,
1.08912,0.789121,0.105325,0.286661,1.6418,0.0482297,1.60018,
1.09201,0.789238,0.104496,0.286195,1.6421,0.0481218,1.59915,
1.09464,0.789317,0.103939,0.285905,1.64226,0.0480304,1.59846,
1.09728,0.789428,0.103138,0.285475,1.64253,0.0479039,1.59747,
1.09984,0.789505,0.102576,0.285199,1.64268,0.0478156,1.59678,
1.10229,0.789615,0.101765,0.284733,1.64308,0.0476918,1.5958,
1.10498,0.789696,0.101178,0.284274,1.64336,0.0475711,1.59507,
1.10804,0.789769,0.100635,0.283992,1.64352,0.047478,1.5944,
1.11048,0.789883,0.0997807,0.283572,1.64376,0.0473323,1.59333,
1.11349,0.789994,0.098941,0.283171,1.64396,0.0471859,1.59227,
1.11605,0.790065,0.0984009,0.282904,1.64408,0.0470962,1.59159,
1.11847,0.790175,0.0975492,0.282485,1.64429,0.0469704,1.59051,
1.12109,0.790282,0.0967032,0.282081,1.64446,0.0468901,1.58942,
1.12401,0.790351,0.0961593,0.281833,1.64454,0.0468016,1.58873,
1.12654,0.790459,0.0953007,0.28146,1.64467,0.0466617,1.58764,
1.12911,0.790566,0.0944493,0.281073,1.64482,0.0465265,1.58656,
1.13162,0.790634,0.0938981,0.280813,1.64493,0.0464282,1.58586,
1.1341,0.79074,0.0930309,0.280403,1.64513,0.0462827,1.58477,
1.13696,0.790843,0.0921686,0.280019,1.6453,0.0461284,1.58369,
1.14046,0.790945,0.0913028,0.279652,1.64545,0.0459633,1.5826,
1.14305,0.791012,0.0907246,0.279415,1.64554,0.0458612,1.58186,
1.14536,0.791113,0.0898582,0.279044,1.64569,0.0457249,1.58076,
1.14802,0.791177,0.0892981,0.278792,1.64579,0.0456284,1.58006,
1.15044,0.791277,0.0884175,0.278415,1.64594,0.0455029,1.57894,
1.15302,0.791343,0.0878286,0.278183,1.64602,0.0454077,1.5782,
1.15554,0.791437,0.086974,0.277842,1.6461,0.0452579,1.57711,
1.15807,0.791503,0.0863724,0.27762,1.64613,0.0451527,1.57634,
1.16057,0.7916,0.0854855,0.27729,1.64619,0.0449724,1.57522,
1.16305,0.791661,0.0849083,0.277051,1.64624,0.0448488,1.57449,
1.16543,0.791756,0.0840073,0.276709,1.64631,0.0446511,1.57336,
1.168,0.791817,0.0834196,0.276475,1.64637,0.0445102,1.57262,
1.17049,0.791908,0.0825279,0.276144,1.64644,0.0442861,1.57151,
1.17305,0.791999,0.0816236,0.27584,1.64648,0.0440517,1.57039,
1.17571,0.792057,0.0810361,0.275622,1.64653,0.0439081,1.56966,
1.17824,0.792147,0.0801379,0.275285,1.6466,0.0437219,1.56853,
1.18094,0.792207,0.079522,0.275067,1.64663,0.0436029,1.56776,
1.18366,0.792293,0.0786363,0.274729,1.6467,0.043423,1.56665,
1.18619,0.792351,0.0780336,0.274529,1.6467,0.043288,1.5659,
1.18858,0.792437,0.0771369,0.274223,1.64672,0.0430786,1.56477,
1.19099,0.792496,0.0765147,0.274022,1.64671,0.042936,1.56399,
1.19335,0.792582,0.0755957,0.273727,1.64669,0.0427089,1.56283,
1.19603,0.792639,0.0749844,0.273506,1.64672,0.0425654,1.56206,
1.19846,0.792723,0.0740536,0.273182,1.64675,0.0423461,1.56089,
1.20115,0.792805,0.0731261,0.272869,1.64677,0.0421258,1.55972,
1.20402,0.792859,0.0725047,0.272662,1.64679,0.0419806,1.55894,
1.20655,0.792939,0.0715619,0.272375,1.64678,0.0417667,1.55774,
1.20907,0.792989,0.0709532,0.272181,1.64679,0.0416354,1.55697,
1.21143,0.793065,0.069997,0.271875,1.64681,0.0414443,1.55575,
1.21391,0.793115,0.0693603,0.271671,1.64683,0.0413115,1.55495,
1.21616,0.793188,0.0684311,0.271357,1.64685,0.0411239,1.55377,
1.21916,0.793239,0.0677716,0.271152,1.64686,0.0409842,1.55294,
1.22156,0.793314,0.0668156,0.270861,1.64684,0.0407672,1.55172,
1.22417,0.793386,0.065868,0.270576,1.64681,0.0405172,1.55053,
1.22706,0.793436,0.0652068,0.270395,1.64677,0.0403564,1.54969,
1.2295,0.793507,0.0642323,0.270094,1.64676,0.0401234,1.54846,
1.23205,0.793549,0.0636128,0.269918,1.64672,0.040038,1.54768,
1.23447,0.793616,0.0626241,0.269596,1.64672,0.0398053,1.54643,
1.237,0.793658,0.0619854,0.269427,1.64666,0.0396344,1.54562,
1.23944,0.793723,0.0609854,0.269143,1.64661,0.0394107,1.54434,
1.24207,0.793765,0.0603366,0.268964,1.64656,0.0392463,1.54352,
1.24455,0.793826,0.0593471,0.268713,1.64648,0.0390014,1.54227,
1.24705,0.793865,0.0586686,0.268536,1.64642,0.0388439,1.54141,
1.24949,0.79392,0.0576907,0.268388,1.64618,0.038534,1.54016,
1.25201,0.793957,0.0570082,0.268205,1.64612,0.0383681,1.53929,
1.25441,0.794011,0.0559777,0.267941,1.646,0.0381067,1.53798,
1.25707,0.794044,0.0553151,0.267772,1.64594,0.0379227,1.53714,
1.25946,0.794092,0.0542855,0.267551,1.64576,0.0376366,1.53581,
1.26206,0.794138,0.0532453,0.26734,1.64557,0.037354,1.53447,
1.26494,0.794166,0.052566,0.267189,1.64547,0.0371792,1.53359,
1.2675,0.794209,0.0514649,0.266972,1.64527,0.0369154,1.53216,
1.27005,0.794234,0.050763,0.26682,1.64516,0.0367427,1.53126,
1.27247,0.794267,0.0497394,0.266604,1.64498,0.0365006,1.52993,
1.27479,0.794288,0.0490289,0.266471,1.64484,0.0363347,1.52901,
1.27715,0.794307,0.0483427,0.266352,1.64468,0.036152,1.52812,
1.27945,0.794316,0.047605,0.266163,1.64456,0.0358591,1.52719,
1.2817,0.794334,0.0469143,0.26606,1.64438,0.0356677,1.52629,
1.28414,0.794353,0.0462094,0.265959,1.64418,0.0354855,1.52538,
1.28648,0.794379,0.0451789,0.265783,1.64395,0.0352022,1.52405,
1.28881,0.794398,0.0444583,0.265672,1.64377,0.0350085,1.52311,
1.29117,0.794426,0.0434069,0.265491,1.64353,0.0347461,1.52175,
1.29406,0.794442,0.0427141,0.265371,1.64337,0.034559,1.52085,
1.29681,0.794469,0.0416572,0.265231,1.64306,0.0342612,1.51948,
1.29912,0.794484,0.0409626,0.265144,1.64285,0.0341439,1.51854,
1.30163,0.794504,0.0398907,0.26503,1.6425,0.0338273,1.51716,
1.30407,0.794515,0.0391775,0.264972,1.64222,0.0336238,1.51623,
1.30641,0.794529,0.0381362,0.264886,1.64181,0.0333101,1.51488,
1.30905,0.794537,0.0374157,0.264827,1.64155,0.0331151,1.51395,
1.31153,0.794547,0.0363521,0.264725,1.64118,0.0328188,1.51258,
1.31411,0.794549,0.0356476,0.264661,1.64092,0.0326224,1.51167,
1.31658,0.794549,0.0345783,0.264581,1.6405,0.0323496,1.51027,
1.31903,0.794549,0.03388,0.264524,1.64023,0.0321585,1.50936,
1.32142,0.794549,0.0327933,0.264475,1.63976,0.031857,1.50794,
1.3241,0.794551,0.0313634,0.26441,1.63914,0.0314368,1.50607,
1.32808,0.794554,0.0306373,0.26438,1.63883,0.0312257,1.50513,
1.33048,0.794555,0.0295915,0.264352,1.63832,0.0308955,1.50376,
1.33308,0.794554,0.0288577,0.264349,1.63797,0.0306743,1.5028,
1.33545,0.794548,0.0277994,0.26434,1.63745,0.0303413,1.50141,
1.33799,0.794545,0.0270801,0.264321,1.63714,0.0301311,1.50048,
1.34049,0.794534,0.0259936,0.264302,1.63665,0.0298174,1.49905,
1.343,0.794528,0.0252947,0.264279,1.63635,0.0295983,1.49814,
1.34554,0.79451,0.0242093,0.264281,1.6358,0.0292873,1.49671,
1.34814,0.794497,0.0235061,0.264285,1.63543,0.0290776,1.49578,
1.35062,0.79448,0.0224499,0.264286,1.63489,0.0287575,1.4944,
1.35317,0.794461,0.0213796,0.264305,1.6343,0.0284259,1.493,
1.35606,0.794451,0.0206899,0.264322,1.63389,0.0282,1.4921,
1.35842,0.794435,0.0196324,0.264349,1.6333,0.0278698,1.49072,
1.36094,0.79444,0.0189405,0.264346,1.63296,0.0276724,1.48983,
1.36329,0.79442,0.0179219,0.264374,1.63238,0.0273437,1.48852,
1.36565,0.794408,0.0172043,0.264395,1.63201,0.0271073,1.4876,
1.36804,0.794391,0.0165156,0.264431,1.6316,0.0268702,1.4867,
1.37037,0.794365,0.0154674,0.264485,1.63099,0.0265072,1.48535,
1.37299,0.794346,0.0147515,0.264529,1.63057,0.0262581,1.48442,
1.37556,0.794313,0.0137209,0.264602,1.62993,0.0259125,1.48308,
1.37811,0.79429,0.0130037,0.264639,1.62953,0.0256972,1.48214,
1.38053,0.794253,0.0119353,0.264699,1.6289,0.0253815,1.48074,
1.38308,0.794217,0.0109103,0.264752,1.62826,0.0250506,1.47939,
1.3861,0.794196,0.0101979,0.264779,1.62787,0.0248265,1.47847,
1.38902,0.794164,0.00915188,0.264833,1.62726,0.0244783,1.47711,
1.39145,0.79413,0.00812295,0.26488,1.62667,0.0241346,1.47578,
1.39378,0.794106,0.00742025,0.26491,1.62628,0.0239088,1.47487,
1.3961,0.794079,0.00674827,0.264941,1.62588,0.0236952,1.47401,
1.39842,0.794038,0.00570247,0.264976,1.6253,0.0233668,1.47266,
1.40099,0.794009,0.00500069,0.265016,1.62489,0.0231421,1.47176,
1.40331,0.793962,0.00399388,0.265099,1.62423,0.0227888,1.47047,
1.40615,0.793913,0.00295968,0.265194,1.62356,0.0224246,1.46915,
1.40867,0.793879,0.00229139,0.265268,1.62307,0.022191,1.46828,
1.41107,0.793848,0.00159553,0.265336,1.62261,0.0219522,1.46739,
1.41349,0.793802,0.000571036,0.265422,1.62196,0.0216084,1.46608,
1.41617,0.793771,-8.63331e-05,0.265478,1.62152,0.0214179,1.46523,
1.41856,0.793724,-0.00110423,0.265592,1.62085,0.0211081,1.46392,
1.42129,0.793672,-0.00211322,0.265701,1.62018,0.0208249,1.46263,
1.42399,0.793634,-0.0027819,0.265773,1.61972,0.0206194,1.46176,
1.42632,0.793579,-0.00379725,0.265868,1.61909,0.0203154,1.46046,
1.42896,0.793539,-0.00444942,0.265951,1.61862,0.0201173,1.45962,
1.43134,0.793475,-0.00546513,0.266082,1.61792,0.0198092,1.45831,
1.43369,0.793433,-0.00614474,0.266168,1.61745,0.0196045,1.45743,
1.43657,0.793372,-0.00712336,0.266284,1.61677,0.0193007,1.45617,
1.43909,0.793332,-0.00780013,0.266357,1.61632,0.01909,1.45531,
1.4415,0.793276,-0.0087536,0.266458,1.61568,0.0187593,1.45413,
1.44408,0.793218,-0.00977655,0.26655,1.61515,0.0183998,1.4529,
1.44699,0.793176,-0.0104426,0.266626,1.6147,0.0181877,1.45207,
1.44933,0.793115,-0.0113898,0.26674,1.61403,0.0178891,1.45087,
1.45199,0.79307,-0.0120553,0.266821,1.61356,0.0177037,1.45003,
1.45434,0.793003,-0.0130269,0.26695,1.61286,0.0174066,1.4488,
1.45669,0.792952,-0.0136775,0.267035,1.61241,0.0173283,1.44792,
1.45906,0.792904,-0.014344,0.267116,1.61196,0.0171355,1.44708,
1.4614,0.792835,-0.0150001,0.267231,1.61128,0.0168488,1.44625,
1.4638,0.792786,-0.0156496,0.267307,1.61083,0.016669,1.44542,
1.46625,0.792718,-0.0165967,0.26742,1.61017,0.0164121,1.44422,
1.46901,0.792671,-0.0172449,0.267497,1.60973,0.0162323,1.4434,
1.47145,0.792601,-0.0181771,0.267604,1.6091,0.0159754,1.44223,
1.4742,0.792529,-0.0191311,0.267727,1.60844,0.0156951,1.44105,
1.47668,0.792477,-0.0197625,0.267825,1.60796,0.0154959,1.44026,
1.47924,0.792428,-0.0203688,0.267928,1.60749,0.0152762,1.43951,
1.48162,0.792324,-0.0216163,0.268152,1.6065,0.0148386,1.43796,
1.48507,0.792268,-0.0222426,0.268271,1.606,0.0146237,1.43718,
1.48741,0.792187,-0.0231508,0.268442,1.60527,0.0143024,1.43605,
1.49005,0.792136,-0.0237633,0.268552,1.60479,0.0140877,1.4353,
1.49234,0.792062,-0.0246457,0.268714,1.60407,0.0137818,1.4342,
1.49501,0.792013,-0.0252608,0.268822,1.60361,0.0135759,1.43345,
1.4974,0.791937,-0.0261572,0.268987,1.60291,0.0132929,1.43234,
1.5001,0.791884,-0.0267343,0.269103,1.60245,0.0130933,1.43163,
1.50274,0.791804,-0.0276247,0.26928,1.60175,0.0127703,1.43054,
1.50526,0.791724,-0.028499,0.269462,1.60103,0.0124294,1.42947,
1.50811,0.79164,-0.0293583,0.269653,1.60031,0.0120801,1.42843,
1.51113,0.791551,-0.0302263,0.269856,1.59954,0.0117344,1.42736,
1.51407,0.791494,-0.0307774,0.269989,1.59903,0.0114879,1.42669,
1.51658,0.791411,-0.0316293,0.270179,1.5983,0.0111394,1.42567,
1.51908,0.791359,-0.0321928,0.270303,1.59781,0.0109014,1.42499,
1.52151,0.791277,-0.0330032,0.270496,1.59706,0.0105626,1.42401,
1.52437,0.791196,-0.0338337,0.270685,1.59631,0.0102368,1.423,
1.5271,0.791142,-0.0343786,0.270811,1.59582,0.0100176,1.42234,
1.52969,0.791061,-0.0351556,0.270998,1.5951,0.00969414,1.4214,
1.53216,0.790995,-0.0359441,0.27115,1.59448,0.00936135,1.42049,
1.53475,0.79094,-0.0364536,0.271273,1.59402,0.00912732,1.41989,
1.53726,0.790824,-0.0374768,0.271525,1.59309,0.00869893,1.41866,
1.54123,0.790736,-0.038249,0.271717,1.59238,0.00839031,1.41774,
1.54404,0.790652,-0.0389907,0.271909,1.59168,0.00805587,1.41688,
1.5467,0.790598,-0.0394675,0.272035,1.59121,0.00782603,1.41634,
1.54914,0.790543,-0.0399742,0.272157,1.59076,0.00761172,1.41575,
1.55154,0.790467,-0.0406793,0.272334,1.59009,0.00728064,1.41494,
1.55407,0.790415,-0.0411556,0.272453,1.58965,0.00706074,1.41439,
1.55661,0.790335,-0.0418678,0.272638,1.58896,0.00673036,1.41358,
1.5591,0.790252,-0.042557,0.272835,1.58823,0.00639684,1.41278,
1.56168,0.790197,-0.0430231,0.272966,1.58776,0.00617625,1.41225,
1.56409,0.79014,-0.0434734,0.2731,1.58727,0.00598563,1.41172,
1.56653,0.790054,-0.0441768,0.273298,1.58655,0.0056993,1.41091,
1.56942,0.789965,-0.0448539,0.273496,1.58586,0.00540322,1.41013,
1.57212,0.789907,-0.0452807,0.273632,1.58538,0.00518718,1.40965,
1.57456,0.789821,-0.045948,0.273835,1.58468,0.00487372,1.40891,
1.57708,0.789766,-0.0463959,0.273965,1.58423,0.00467915,1.40842,
1.57949,0.789688,-0.047023,0.274163,1.58355,0.00438348,1.40773,
1.58208,0.789609,-0.0476605,0.274364,1.58287,0.00407847,1.40704,
1.5847,0.789557,-0.0480987,0.2745,1.58241,0.00389555,1.40656,
1.5875,0.789475,-0.0487189,0.274705,1.58171,0.0036276,1.40587,
1.59007,0.78942,-0.0491426,0.274841,1.58126,0.00347283,1.40539,
1.59241,0.789335,-0.0497779,0.275057,1.58055,0.00317325,1.40469,
1.59506,0.789279,-0.0501989,0.2752,1.58008,0.0030002,1.40422,
1.59755,0.789193,-0.0508236,0.275419,1.57936,0.00275379,1.40353,
1.60008,0.789132,-0.0512259,0.275574,1.57884,0.0025747,1.40308,
1.60251,0.789041,-0.051844,0.275804,1.57808,0.00232013,1.4024,
1.60504,0.788983,-0.0522622,0.27595,1.57759,0.00214973,1.40194,
1.60737,0.7889,-0.0528463,0.276165,1.57687,0.00186496,1.40134,
1.61001,0.788845,-0.0532468,0.276299,1.57641,0.00169399,1.40091,
1.61235,0.78876,-0.0538652,0.276511,1.57571,0.00139131,1.40025,
1.61515,0.788622,-0.0548311,0.276864,1.57455,0.000953376,1.39923,
1.62015,0.788537,-0.0554004,0.277097,1.57383,0.000706157,1.39863,
1.62265,0.78848,-0.0557787,0.277254,1.57335,0.000549155,1.39824,
1.62523,0.78839,-0.0563619,0.277502,1.57261,0.000306292,1.39761,
1.62771,0.788328,-0.0567458,0.277667,1.57215,0.000279163,1.39713,
1.6301,0.788268,-0.0571198,0.277822,1.57174,8.63747e-05,1.39677,
1.63263,0.788174,-0.0577143,0.278082,1.57097,-0.000202313,1.39617,
1.63514,0.788083,-0.0582726,0.278337,1.57021,-0.000477601,1.39559,
1.63772,0.788027,-0.0586243,0.278509,1.56971,-0.000658828,1.39523,
1.64018,0.78797,-0.0589872,0.278683,1.56921,-0.000843139,1.39486,
1.64473,0.787819,-0.0598866,0.279234,1.56766,-0.00143051,1.39398,
1.64813,0.787735,-0.0604259,0.279513,1.56687,-0.00169383,1.39342,
1.65086,0.787679,-0.060767,0.279712,1.56634,-0.00190162,1.39308,
1.65371,0.78759,-0.0612954,0.280021,1.56552,-0.00222543,1.39255,
1.65624,0.787503,-0.061826,0.280327,1.5647,-0.00258147,1.39204,
1.65865,0.787446,-0.0621563,0.280541,1.56415,-0.00282726,1.39172,
1.6611,0.787354,-0.0626696,0.280871,1.56329,-0.0031786,1.39121,
1.66396,0.787293,-0.0629992,0.281095,1.56271,-0.00341427,1.3909,
1.66629,0.7872,-0.0635234,0.281432,1.56184,-0.00375138,1.39038,
1.66866,0.78714,-0.0638583,0.281649,1.56128,-0.00393609,1.39004,
1.67109,0.787084,-0.064174,0.281857,1.56073,-0.00412932,1.38974,
1.67347,0.787003,-0.0646466,0.282175,1.55992,-0.00443781,1.38931,
1.67613,0.78695,-0.0649595,0.282385,1.55939,-0.00465658,1.38902,
1.67867,0.786866,-0.0654445,0.2827,1.55859,-0.00497535,1.38858,
1.68123,0.786782,-0.0659034,0.283017,1.55777,-0.00528014,1.38816,
1.68425,0.786697,-0.0663685,0.283313,1.55698,-0.00559507,1.38775,
1.68695,0.786641,-0.0666725,0.283515,1.55644,-0.00580442,1.38748,
1.6894,0.786552,-0.0671554,0.283831,1.55561,-0.00606473,1.38701,
1.69175,0.786494,-0.0674617,0.28405,1.55505,-0.00624705,1.38673,
1.69431,0.786404,-0.0678968,0.284398,1.55416,-0.00653038,1.38634,
1.69761,0.786315,-0.0683333,0.284749,1.5533,-0.00677947,1.38594,
1.70008,0.786258,-0.0686386,0.284967,1.55276,-0.00693798,1.38567,
1.70246,0.786175,-0.0690618,0.285309,1.55191,-0.00718695,1.38531,
1.70516,0.786122,-0.0693455,0.285539,1.55135,-0.00736921,1.38508,
1.70768,0.786044,-0.069746,0.285896,1.55049,-0.00766399,1.38476,
1.71028,0.785966,-0.070163,0.286257,1.54963,-0.00793346,1.38442,
1.71274,0.785912,-0.0704531,0.286493,1.54907,-0.00811063,1.38417,
1.71511,0.785832,-0.0708533,0.28684,1.54823,-0.00839375,1.38385,
1.71834,0.785765,-0.0712445,0.287168,1.54744,-0.00863945,1.38354,
1.72106,0.785711,-0.0715026,0.287403,1.54688,-0.00881403,1.38334,
1.72353,0.785625,-0.0719148,0.287749,1.54605,-0.00906367,1.38299,
1.72613,0.785508,-0.0724529,0.288219,1.54492,-0.00940815,1.38257,
1.72972,0.785448,-0.0727122,0.288463,1.54435,-0.00958131,1.38236,
1.73211,0.785393,-0.0729554,0.288705,1.54378,-0.00977728,1.38219,
1.73454,0.78531,-0.0733188,0.289072,1.54293,-0.0100502,1.38193,
1.7372,0.785226,-0.0737004,0.289447,1.54206,-0.0103186,1.38164,
1.74007,0.785149,-0.0740574,0.289818,1.54121,-0.0105904,1.38138,
1.74277,0.785072,-0.0744236,0.290192,1.54037,-0.0108966,1.38111,
1.74568,0.78502,-0.074665,0.290456,1.53978,-0.0111232,1.38095,
1.74815,0.784942,-0.0750156,0.290844,1.53891,-0.011457,1.38071,
1.75067,0.784887,-0.0752669,0.291092,1.53835,-0.0116679,1.38053,
1.7531,0.784832,-0.0755018,0.291336,1.5378,-0.0119144,1.38039,
1.75542,0.784752,-0.0758415,0.291711,1.53696,-0.0122553,1.38018,
1.75839,0.78467,-0.0761754,0.292098,1.5361,-0.012574,1.37996,
1.76068,0.784616,-0.076387,0.292345,1.53554,-0.0128238,1.37983,
1.76304,0.784556,-0.076617,0.292587,1.53498,-0.0130082,1.37967,
1.7654,0.784469,-0.0769628,0.292957,1.53414,-0.0133177,1.37943,
1.76814,0.784382,-0.0773042,0.293341,1.53328,-0.0136313,1.3792,
1.77103,0.7843,-0.0776349,0.293722,1.53242,-0.013962,1.379,
1.77414,0.784248,-0.0778444,0.293979,1.53185,-0.0142092,1.37889,
1.77665,0.784168,-0.0781686,0.294373,1.53097,-0.0145656,1.37871,
1.77908,0.784116,-0.0783834,0.294646,1.53038,-0.0147738,1.37859,
1.78143,0.784032,-0.078719,0.295041,1.52951,-0.0151244,1.37838,
1.78368,0.783976,-0.078918,0.295309,1.52892,-0.0153505,1.3783,
1.78604,0.78392,-0.0791206,0.295587,1.52833,-0.0155509,1.37818,
1.78832,0.783835,-0.0794241,0.295985,1.52746,-0.0158229,1.378,
1.79074,0.783779,-0.0796253,0.29625,1.52687,-0.016017,1.37789,
1.79312,0.783718,-0.0798484,0.296508,1.52628,-0.0162504,1.37776,
1.79552,0.783621,-0.0801851,0.296903,1.52539,-0.0165853,1.37756,
1.79812,0.78356,-0.0803928,0.297169,1.52481,-0.0168038,1.37744,
1.8006,0.783465,-0.0807299,0.297566,1.52396,-0.0169421,1.37713,
1.80325,0.783348,-0.081163,0.298017,1.52291,-0.0174002,1.37687,
1.80702,0.783293,-0.081375,0.298277,1.5224,-0.0175844,1.37676,
1.8095,0.783206,-0.0817056,0.298687,1.52153,-0.0178814,1.37658,
1.81199,0.78315,-0.0819065,0.29897,1.52094,-0.018093,1.37649,
1.81422,0.783092,-0.0821082,0.299252,1.52035,-0.0182843,1.37639,
1.81656,0.783005,-0.0824072,0.299655,1.51949,-0.0185754,1.37626,
1.81911,0.782916,-0.0827104,0.300066,1.51863,-0.0188825,1.37613,
1.82209,0.782853,-0.0829348,0.300336,1.51807,-0.0190778,1.37601,
1.82454,0.782755,-0.083273,0.300737,1.51723,-0.019358,1.37581,
1.82715,0.782653,-0.083624,0.301152,1.51636,-0.0196534,1.37559,
1.82996,0.782588,-0.0838249,0.30144,1.51577,-0.0199004,1.3755,
1.83241,0.782488,-0.084159,0.301864,1.51488,-0.0202401,1.37531,
1.83525,0.782389,-0.0844967,0.302312,1.51399,-0.0205797,1.37511,
1.83842,0.782293,-0.0848408,0.302757,1.51309,-0.0209599,1.37494,
1.84101,0.782231,-0.0850581,0.303036,1.51252,-0.021189,1.37484,
1.84336,0.782138,-0.0853803,0.303462,1.51166,-0.02154,1.37469,
1.84597,0.782086,-0.0854565,0.303747,1.51107,-0.0217744,1.37475,
1.84827,0.782019,-0.0856824,0.304032,1.51049,-0.0220192,1.37464,
1.85066,0.781916,-0.0860311,0.304447,1.50964,-0.0223485,1.37444,
1.85352,0.78181,-0.0863917,0.304863,1.50879,-0.0226944,1.37422,
1.85614,0.781738,-0.0866301,0.305158,1.50819,-0.0229475,1.37409,
1.85852,0.781628,-0.086967,0.305612,1.50727,-0.023363,1.37391,
1.86108,0.78152,-0.0873174,0.306063,1.50636,-0.0237723,1.37373,
1.86366,0.781449,-0.0875526,0.306362,1.50576,-0.0240555,1.37361,
1.86605,0.781381,-0.0877934,0.306643,1.50519,-0.024314,1.37348,
1.86838,0.781278,-0.0881628,0.307066,1.50434,-0.0246886,1.37326,
1.87145,0.781177,-0.0885039,0.307479,1.50351,-0.0250579,1.37309,
1.87414,0.78107,-0.0888595,0.307876,1.50271,-0.0254179,1.37288,
1.87707,0.780999,-0.0890986,0.308145,1.50216,-0.0256636,1.37276,
1.8796,0.78089,-0.0894565,0.30857,1.50131,-0.026035,1.37256,
1.8821,0.780814,-0.0897089,0.30885,1.50074,-0.0262894,1.37242,
1.88456,0.780697,-0.0900648,0.309292,1.49985,-0.026708,1.37225,
1.88726,0.780578,-0.090417,0.309747,1.49895,-0.0270977,1.37206,
1.89013,0.780459,-0.0907928,0.310181,1.4981,-0.0274595,1.37182,
1.89282,0.780384,-0.0910491,0.310452,1.49756,-0.0276964,1.37168,
1.89541,0.780272,-0.0914274,0.310852,1.49676,-0.0280395,1.37146,
1.8981,0.780201,-0.0916699,0.311105,1.49625,-0.0282415,1.37133,
1.90059,0.780057,-0.0921417,0.311616,1.49523,-0.0287282,1.37111,
1.90389,0.779983,-0.0923688,0.311879,1.4947,-0.0289829,1.37102,
1.90648,0.779892,-0.0927234,0.312233,1.49401,-0.0292974,1.37085,
1.9091,0.779813,-0.0929786,0.312502,1.49347,-0.0295436,1.37071,
1.91157,0.779695,-0.0933289,0.312922,1.49265,-0.0298958,1.37053,
1.91411,0.779614,-0.09358,0.313204,1.4921,-0.030112,1.37038,
1.91667,0.779493,-0.0939526,0.313616,1.4913,-0.030477,1.37017,
1.91948,0.779375,-0.0943204,0.314008,1.49052,-0.0308692,1.36999,
1.92208,0.779298,-0.094579,0.314261,1.49002,-0.0311165,1.36985,
1.92454,0.779189,-0.0949323,0.314639,1.48927,-0.0315084,1.3697,
1.92712,0.779117,-0.0951725,0.314871,1.4888,-0.0317532,1.36959,
1.92949,0.779005,-0.0955285,0.315227,1.48809,-0.0321288,1.36943,
1.93213,0.77893,-0.0957636,0.315469,1.48762,-0.0323956,1.36932,
1.93463,0.778811,-0.0961462,0.315838,1.4869,-0.0327836,1.36912,
1.93706,0.778732,-0.0963971,0.316087,1.48641,-0.0330472,1.36899,
1.93946,0.778611,-0.0967601,0.316481,1.48565,-0.0335224,1.36884,
1.94205,0.778526,-0.0970136,0.316749,1.48514,-0.0337959,1.36871,
1.94435,0.778405,-0.0973634,0.317142,1.48438,-0.0342348,1.36857,
1.94691,0.778284,-0.0977358,0.317521,1.48364,-0.0346746,1.36841,
1.95006,0.778207,-0.0979886,0.317766,1.48317,-0.034944,1.36829,
1.95259,0.778099,-0.0983287,0.318114,1.48249,-0.0353596,1.36816,
1.95513,0.778024,-0.0985712,0.318335,1.48205,-0.035619,1.36805,
1.95755,0.777911,-0.098927,0.31867,1.48138,-0.0360161,1.3679,
1.96008,0.777835,-0.0991653,0.318894,1.48093,-0.0363319,1.36782,
1.96242,0.777717,-0.0995498,0.319242,1.48024,-0.0367652,1.36765,
1.96469,0.777641,-0.0997951,0.31947,1.47979,-0.0370605,1.36755,
1.96712,0.777559,-0.100044,0.319719,1.47931,-0.0373556,1.36745,
1.96951,0.777434,-0.100417,0.320084,1.47859,-0.0377583,1.36727,
1.97206,0.777354,-0.100656,0.320325,1.47811,-0.0380442,1.36718,
1.97431,0.777229,-0.101056,0.320682,1.47746,-0.0382425,1.36685,
1.97685,0.777152,-0.101303,0.320914,1.47701,-0.0384961,1.36674,
1.97932,0.777041,-0.101659,0.321246,1.47636,-0.0388244,1.36658,
1.98202,0.776968,-0.101892,0.321463,1.47594,-0.0390468,1.36649,
1.98444,0.776861,-0.102245,0.321724,1.47539,-0.0393776,1.36636,
1.98709,0.776787,-0.102479,0.321939,1.47498,-0.0396222,1.36628,
1.98953,0.776675,-0.102857,0.322233,1.47441,-0.039951,1.36612,
1.99204,0.776599,-0.103102,0.322439,1.47401,-0.0401778,1.36603,
1.99475,0.776483,-0.103469,0.322734,1.47344,-0.0405558,1.36588,
1.99713,0.776407,-0.103713,0.322935,1.47306,-0.0407536,1.36577,
1.99955,0.776291,-0.104066,0.323235,1.47249,-0.0410592,1.36563,
2.00217,0.776215,-0.104305,0.323425,1.47213,-0.0412545,1.36554,
2.0047,0.776101,-0.104677,0.323723,1.47158,-0.0415939,1.3654,
2.00722,0.776028,-0.104905,0.323925,1.4712,-0.0418461,1.36535,
2.00974,0.775925,-0.105257,0.32421,1.47066,-0.0421969,1.36524,
2.01242,0.775825,-0.105603,0.32447,1.47019,-0.0425163,1.36514,
2.01501,0.775762,-0.105828,0.324631,1.46989,-0.0427403,1.36508,
2.01738,0.775662,-0.106192,0.324877,1.46944,-0.043074,1.36495,
2.02001,0.775595,-0.106418,0.325048,1.46914,-0.0432907,1.36489,
2.02233,0.775494,-0.106768,0.325285,1.46872,-0.0436205,1.36478,
2.02474,0.775427,-0.106991,0.325444,1.46843,-0.0438574,1.36474,
2.02717,0.775366,-0.107193,0.325595,1.46815,-0.0441141,1.36474,
2.02969,0.775265,-0.107534,0.325816,1.46774,-0.044448,1.36465,
2.03217,0.775197,-0.107769,0.325956,1.46747,-0.0446682,1.36459,
2.03459,0.775115,-0.10795,0.326172,1.46707,-0.0449816,1.36471,
2.03731,0.775014,-0.108276,0.326373,1.46669,-0.0452709,1.36464,
2.04016,0.774921,-0.108583,0.326554,1.46637,-0.0455646,1.3646,
2.04311,0.774832,-0.108898,0.326732,1.46605,-0.0459042,1.36458,
2.04573,0.774774,-0.109109,0.326849,1.46584,-0.0461131,1.36456,
2.0482,0.774717,-0.109329,0.32696,1.46564,-0.0463381,1.36454,
2.05068,0.774638,-0.109623,0.327117,1.46537,-0.0466671,1.36455,
2.05316,0.774557,-0.109923,0.327279,1.46509,-0.0469648,1.36453,
2.05575,0.774501,-0.11013,0.327391,1.46491,-0.0471609,1.36452,
2.05809,0.774445,-0.110329,0.327506,1.46471,-0.0473648,1.36451,
2.06048,0.774361,-0.110648,0.327663,1.46445,-0.047651,1.36448,
2.06304,0.774305,-0.110853,0.327763,1.46427,-0.0478541,1.36449,
2.06551,0.774225,-0.111148,0.327913,1.46402,-0.0481321,1.36449,
2.06817,0.774145,-0.111438,0.32807,1.46374,-0.0484291,1.36452,
2.07072,0.77409,-0.111621,0.328177,1.46355,-0.0486204,1.36455,
2.07318,0.774036,-0.111815,0.32827,1.46339,-0.0487791,1.36454,
2.07572,0.77395,-0.112115,0.328416,1.46314,-0.0490175,1.36454,
2.07814,0.773893,-0.112308,0.328513,1.46296,-0.0491934,1.36454,
2.08052,0.773811,-0.112583,0.328664,1.4627,-0.0494578,1.36457,
2.08297,0.773759,-0.112756,0.328762,1.46253,-0.0496261,1.36461,
2.08529,0.773688,-0.113018,0.328884,1.46234,-0.0498956,1.36468,
2.08807,0.773642,-0.113188,0.32896,1.46221,-0.0500954,1.36474,
2.09051,0.773585,-0.113439,0.329046,1.46208,-0.0503536,1.36482,
2.0931,0.773541,-0.113621,0.329107,1.46198,-0.0505437,1.36487,
2.09556,0.773479,-0.113864,0.329192,1.46186,-0.0508189,1.36498,
2.09815,0.77344,-0.114012,0.329247,1.46178,-0.0509743,1.36505,
2.10067,0.773363,-0.114311,0.329353,1.46162,-0.0513426,1.36522,
2.1042,0.773327,-0.114453,0.329404,1.46154,-0.0515512,1.36534,
2.10667,0.773273,-0.114662,0.329479,1.46144,-0.0518449,1.36549,
2.10915,0.773232,-0.114818,0.329532,1.46136,-0.0520666,1.36559,
2.11148,0.773174,-0.115043,0.329608,1.46126,-0.052379,1.36574,
2.11376,0.773138,-0.115171,0.329657,1.46121,-0.0525376,1.36585,
2.11613,0.773099,-0.115303,0.329714,1.46114,-0.052705,1.36596,
2.11854,0.773041,-0.115497,0.329798,1.46103,-0.0530101,1.36613,
2.12113,0.773003,-0.11562,0.329854,1.46095,-0.0531795,1.36626,
2.12355,0.772947,-0.115786,0.329949,1.4608,-0.0534489,1.3665,
2.12616,0.772906,-0.115907,0.330011,1.46071,-0.0535693,1.36661,
2.12859,0.772846,-0.116085,0.330109,1.46054,-0.0538141,1.36684,
2.13111,0.772805,-0.116199,0.33017,1.46046,-0.0539121,1.36696,
2.13347,0.772747,-0.116339,0.330262,1.46031,-0.0540833,1.36719,
2.13581,0.772708,-0.116438,0.330322,1.46023,-0.0542029,1.36734,
2.13821,0.772671,-0.116531,0.330379,1.46015,-0.0543097,1.36749,
2.14061,0.772612,-0.116687,0.33046,1.46007,-0.054298,1.36758,
2.1431,0.77258,-0.116766,0.330515,1.45999,-0.0544462,1.36777,
2.14551,0.772526,-0.116898,0.330605,1.45984,-0.0546872,1.36805,
2.14811,0.772476,-0.11704,0.330689,1.45971,-0.0548934,1.36829,
2.15163,0.772429,-0.117172,0.330771,1.45959,-0.0550807,1.36855,
2.15413,0.772398,-0.117256,0.330828,1.45951,-0.0552042,1.36872,
2.15657,0.772356,-0.117356,0.330911,1.4594,-0.0553819,1.36901,
2.15915,0.77233,-0.117414,0.330964,1.45933,-0.0555186,1.36923,
2.16158,0.772287,-0.117495,0.331058,1.4592,-0.0557552,1.36958,
2.16403,0.772259,-0.117546,0.33112,1.4591,-0.0559087,1.36981,
2.16629,0.772231,-0.117593,0.331181,1.45903,-0.0560727,1.37006,
2.16864,0.772186,-0.117658,0.331277,1.45889,-0.0563044,1.37043,
2.17115,0.772154,-0.11771,0.331343,1.45878,-0.0564458,1.37065,
2.17358,0.772103,-0.117801,0.331444,1.45862,-0.0566688,1.37096,
2.17617,0.772068,-0.117863,0.331509,1.45852,-0.0568192,1.37117,
2.17863,0.772012,-0.11798,0.331597,1.45838,-0.0571234,1.37147,
2.18112,0.771977,-0.118031,0.331665,1.45828,-0.0572693,1.37171,
2.18346,0.771923,-0.11809,0.331787,1.45802,-0.0574702,1.37205,
2.18615,0.771885,-0.118135,0.33186,1.45792,-0.0576058,1.37229,
2.18855,0.771826,-0.118216,0.331971,1.45775,-0.0577716,1.37261,
2.19112,0.771793,-0.118258,0.332039,1.45767,-0.0578687,1.37285,
2.19355,0.771743,-0.118317,0.332145,1.45751,-0.0580575,1.37321,
2.19608,0.771713,-0.118346,0.332216,1.45739,-0.0581379,1.37345,
2.19849,0.771667,-0.118401,0.332324,1.45723,-0.0582896,1.37383,
2.20109,0.771634,-0.118445,0.332395,1.45712,-0.0584095,1.37408,
2.20343,0.771582,-0.118539,0.332499,1.45696,-0.0585461,1.3744,
2.20572,0.771546,-0.118592,0.332567,1.45686,-0.0586292,1.37462,
2.2081,0.771511,-0.118638,0.332636,1.45676,-0.0587211,1.37484,
2.21033,0.771475,-0.118679,0.332705,1.45666,-0.0588347,1.37509,
2.21263,0.771421,-0.118732,0.332808,1.4565,-0.05897,1.37544,
2.21511,0.771386,-0.118778,0.332872,1.45641,-0.0590735,1.37566,
2.21747,0.771339,-0.118774,0.332977,1.45624,-0.059288,1.37611,
2.22009,0.771301,-0.118816,0.333045,1.45614,-0.0594031,1.37634,
2.2224,0.77124,-0.118871,0.333156,1.45596,-0.0596073,1.37671,
2.22473,0.771199,-0.118903,0.333233,1.45583,-0.0597416,1.37696,
2.22716,0.77116,-0.118944,0.333302,1.45574,-0.059846,1.37719,
2.22965,0.771101,-0.119012,0.333406,1.4556,-0.0599737,1.37752,
2.23213,0.771064,-0.119059,0.333471,1.45551,-0.0600685,1.37774,
2.23455,0.77101,-0.119134,0.333565,1.45539,-0.0602222,1.37809,
2.23706,0.770974,-0.119179,0.33363,1.4553,-0.0603204,1.37832,
2.23931,0.770934,-0.119178,0.33372,1.45517,-0.0604669,1.37877,
2.24165,0.770891,-0.11928,0.333782,1.45508,-0.0605745,1.37893,
2.24413,0.770856,-0.119329,0.333839,1.455,-0.0606529,1.37914,
2.24664,0.770802,-0.119408,0.333925,1.45489,-0.0607583,1.37945,
2.24921,0.770747,-0.119481,0.334018,1.45475,-0.0608525,1.37977,
2.25203,0.770709,-0.119537,0.334077,1.45467,-0.060901,1.37997,
2.25449,0.770647,-0.119616,0.334177,1.45452,-0.0609878,1.38028,
2.25702,0.770607,-0.119666,0.334243,1.45441,-0.0610724,1.38051,
2.25929,0.770565,-0.119731,0.334308,1.4543,-0.0611389,1.38071,
2.26162,0.770499,-0.119833,0.334407,1.45414,-0.0612329,1.38099,
2.26436,0.770451,-0.119927,0.334478,1.45406,-0.0613368,1.3813,
2.26715,0.77041,-0.119987,0.334533,1.45399,-0.0613858,1.38149,
2.26957,0.770356,-0.12005,0.334604,1.45391,-0.0614704,1.38182,
2.2721,0.77032,-0.120104,0.334643,1.45388,-0.0615508,1.38203,
2.27463,0.770269,-0.120181,0.334698,1.45384,-0.0616723,1.38238,
2.2772,0.770235,-0.12024,0.334733,1.45381,-0.061755,1.38259,
2.27965,0.770186,-0.120321,0.334788,1.45376,-0.0618817,1.38292,
2.28231,0.770138,-0.120397,0.33484,1.45372,-0.0620203,1.38326,
2.28464,0.770103,-0.120469,0.334872,1.45371,-0.0620927,1.38345,
2.28711,0.770064,-0.120544,0.334909,1.45368,-0.0621967,1.38364,
2.28938,0.770003,-0.120667,0.334963,1.45363,-0.0623298,1.38392,
2.29202,0.769966,-0.12074,0.334994,1.45361,-0.0624145,1.38411,
2.29432,0.769929,-0.120806,0.335027,1.45356,-0.06262,1.38435,
2.29665,0.769874,-0.120901,0.335069,1.45351,-0.0627371,1.38466,
2.29908,0.769837,-0.120966,0.335097,1.45348,-0.0627682,1.38485,
2.30137,0.769778,-0.12107,0.335143,1.45343,-0.0628087,1.38513,
2.30378,0.769738,-0.121136,0.335173,1.45341,-0.0628365,1.38531,
2.30635,0.769679,-0.121241,0.335213,1.45338,-0.0628827,1.3856,
2.30905,0.769642,-0.121323,0.335229,1.4534,-0.0629163,1.38577,
2.3114,0.769589,-0.121442,0.335247,1.45345,-0.0629552,1.38604,
2.31456,0.769536,-0.121593,0.335238,1.45357,-0.0628214,1.38615,
2.31704,0.769507,-0.121674,0.335231,1.45363,-0.0628687,1.38635,
2.31934,0.769465,-0.121773,0.335226,1.45371,-0.0629276,1.38666,
2.3217,0.769437,-0.121845,0.335221,1.45377,-0.0629746,1.38686,
2.32411,0.769409,-0.12191,0.33522,1.45382,-0.0630301,1.38708,
2.32648,0.769362,-0.122029,0.335211,1.45391,-0.0630956,1.38735,
2.32917,0.76933,-0.122113,0.335197,1.45398,-0.0631608,1.38753,
2.33164,0.769282,-0.122227,0.335186,1.45404,-0.0632598,1.38781,
2.33415,0.769247,-0.122318,0.335183,1.45407,-0.0633292,1.38798,
2.3366,0.769192,-0.122461,0.335184,1.4541,-0.0634403,1.38823,
2.33918,0.769151,-0.122508,0.335196,1.45414,-0.0635328,1.38862,
2.34172,0.769103,-0.122682,0.33515,1.45425,-0.0635562,1.38868,
2.34428,0.769048,-0.122796,0.335156,1.45431,-0.0636045,1.38895,
2.34676,0.769011,-0.122875,0.335138,1.4544,-0.063593,1.38913,
2.3492,0.76897,-0.122962,0.335123,1.45447,-0.0635988,1.38929,
2.35164,0.768917,-0.123075,0.335086,1.45459,-0.0636101,1.38957,
2.35415,0.768881,-0.123152,0.335061,1.45469,-0.0636122,1.38975,
2.35651,0.768832,-0.123275,0.335021,1.45482,-0.063649,1.39005,
2.35916,0.768781,-0.123408,0.334981,1.45495,-0.0636844,1.39033,
2.36175,0.768741,-0.123518,0.334979,1.45491,-0.0637022,1.39043,
2.36415,0.768707,-0.123601,0.334963,1.45498,-0.0637145,1.39061,
2.36669,0.768656,-0.123724,0.334942,1.45509,-0.063724,1.39086,
2.36923,0.768603,-0.123874,0.334907,1.45521,-0.0638248,1.3911,
2.37174,0.768568,-0.123957,0.334898,1.45527,-0.063865,1.39128,
2.37431,0.768514,-0.124077,0.334898,1.45534,-0.0639425,1.39157,
2.37725,0.768456,-0.124201,0.334901,1.45541,-0.0640495,1.39186,
2.38008,0.768417,-0.124289,0.334899,1.45545,-0.0640843,1.39203,
2.3824,0.768355,-0.124431,0.3349,1.45551,-0.0641459,1.39227,
2.38472,0.768311,-0.12453,0.334905,1.45556,-0.0641791,1.39244,
2.38712,0.768267,-0.124622,0.33492,1.45559,-0.0641955,1.39259,
2.38939,0.768203,-0.124732,0.334943,1.45564,-0.0642191,1.39286,
2.3918,0.768159,-0.124812,0.334962,1.45565,-0.0642413,1.39304,
2.39423,0.768095,-0.12493,0.334985,1.45567,-0.0643007,1.39333,
2.39714,0.768034,-0.125039,0.335013,1.45569,-0.0643351,1.39363,
2.40012,0.767991,-0.12512,0.335038,1.4557,-0.0643474,1.39381,
2.40258,0.767947,-0.125152,0.335066,1.45574,-0.0643639,1.39421,
2.40513,0.767904,-0.12524,0.335092,1.45575,-0.0643664,1.39439,
2.40759,0.76784,-0.125391,0.335123,1.45579,-0.06435,1.39461,
2.41016,0.767796,-0.125484,0.335151,1.45579,-0.0643684,1.39478,
2.41264,0.767727,-0.125617,0.335192,1.45579,-0.0644093,1.39503,
2.41523,0.767659,-0.125742,0.335231,1.4558,-0.0644523,1.39531,
2.41804,0.767611,-0.125826,0.335257,1.4558,-0.0644897,1.3955,
2.42057,0.767536,-0.125969,0.335299,1.4558,-0.0645646,1.39575,
2.42319,0.767462,-0.126093,0.335346,1.4558,-0.0646084,1.39601,
2.42615,0.767381,-0.126225,0.335405,1.45577,-0.0646836,1.39627,
2.42882,0.767324,-0.12633,0.335445,1.45574,-0.0647256,1.39641,
2.43142,0.767247,-0.12648,0.335486,1.45575,-0.0647632,1.39665,
2.43415,0.767182,-0.126597,0.335505,1.45581,-0.0647985,1.39694,
2.43752,0.767116,-0.126713,0.33552,1.45585,-0.0648199,1.39725,
2.44022,0.76707,-0.126798,0.335538,1.45586,-0.0648138,1.39741,
2.44269,0.766996,-0.126932,0.335578,1.45585,-0.0647999,1.39766,
2.44521,0.766919,-0.127065,0.335628,1.45582,-0.064812,1.39792,
2.44777,0.766866,-0.127159,0.335664,1.4558,-0.0648125,1.39807,
2.4502,0.766787,-0.127323,0.335704,1.45579,-0.0648111,1.39826,
2.45275,0.766728,-0.127444,0.335735,1.45578,-0.0648104,1.39837,
2.45525,0.766639,-0.127613,0.335788,1.45573,-0.0648659,1.39858,
2.45811,0.766553,-0.127768,0.335836,1.45569,-0.0649074,1.3988,
2.46074,0.766521,-0.127856,0.335839,1.45575,-0.0649398,1.39899,
2.46317,0.766468,-0.127947,0.335872,1.45574,-0.0650028,1.39917,
2.46564,0.766363,-0.128142,0.335931,1.45576,-0.0650787,1.39949,
2.46917,0.766311,-0.128238,0.335958,1.45578,-0.0650989,1.39964,
2.47158,0.766236,-0.128379,0.335996,1.45578,-0.065143,1.39989,
2.47409,0.766181,-0.128485,0.336025,1.45578,-0.0651793,1.40006,
2.47657,0.766096,-0.128653,0.336066,1.45577,-0.0651981,1.40028,
2.47914,0.766041,-0.12875,0.336099,1.45575,-0.0653201,1.40045,
2.48152,0.765958,-0.128886,0.336157,1.45571,-0.0653324,1.4007,
2.48403,0.765901,-0.128988,0.3362,1.45568,-0.0653024,1.40084,
2.4866,0.765804,-0.129178,0.33626,1.45568,-0.0650996,1.40086,
2.48925,0.765712,-0.129338,0.336327,1.45563,-0.0650773,1.40106,
2.49215,0.765655,-0.129444,0.336364,1.45562,-0.0650434,1.40119,
2.49461,0.765566,-0.129625,0.336411,1.45563,-0.0650389,1.40138,
2.4971,0.765507,-0.129756,0.336439,1.45564,-0.0650478,1.40149,
2.49944,0.765427,-0.129917,0.336476,1.45564,-0.0651225,1.40174,
2.50216,0.765375,-0.13002,0.336503,1.45565,-0.0651699,1.4019,
2.50466,0.76529,-0.130184,0.336555,1.45564,-0.0652186,1.40211,
2.50726,0.765203,-0.130339,0.336614,1.45561,-0.0652778,1.40234,
2.51004,0.765143,-0.130447,0.336659,1.45558,-0.0653188,1.40248,
2.51244,0.765053,-0.130612,0.336724,1.45554,-0.065349,1.40267,
2.51509,0.76499,-0.130725,0.336773,1.45549,-0.0653854,1.4028,
2.51764,0.76489,-0.130906,0.336857,1.45541,-0.0654475,1.40301,
2.52019,0.764794,-0.131087,0.336922,1.45536,-0.0654652,1.40319,
2.52346,0.764708,-0.131236,0.33698,1.45535,-0.0654634,1.40343,
2.52619,0.764651,-0.131342,0.33701,1.45536,-0.0654501,1.40359,
2.52858,0.764569,-0.1315,0.337048,1.45541,-0.0653861,1.4038,
2.53119,0.76451,-0.131607,0.337082,1.45542,-0.065337,1.40395,
2.53365,0.764412,-0.131786,0.337168,1.45525,-0.0653323,1.4041,
2.53616,0.764351,-0.131898,0.337207,1.45526,-0.0653463,1.40425,
2.5386,0.764253,-0.132092,0.337276,1.45524,-0.0653717,1.40444,
2.54139,0.76415,-0.132299,0.337345,1.45521,-0.0654786,1.40462,
2.54392,0.764084,-0.132404,0.337402,1.45516,-0.0654955,1.40477,
2.54636,0.763983,-0.132578,0.337489,1.45509,-0.0655336,1.40496,
2.54912,0.763921,-0.132694,0.337538,1.45507,-0.0655547,1.40509,
2.55178,0.763828,-0.13286,0.33761,1.45505,-0.0656167,1.40532,
2.55459,0.763737,-0.133025,0.33768,1.45504,-0.0656634,1.40555,
2.55742,0.763641,-0.133221,0.337751,1.45502,-0.0657064,1.40573,
2.5601,0.763576,-0.133349,0.337799,1.45502,-0.0657173,1.40586,
2.56265,0.763472,-0.133551,0.337882,1.45497,-0.0657423,1.40604,
2.56521,0.763407,-0.133664,0.337936,1.45496,-0.065724,1.40618,
2.56755,0.763302,-0.13385,0.338024,1.45491,-0.0657293,1.40637,
2.57012,0.763228,-0.133974,0.338093,1.45484,-0.06575,1.4065,
2.57246,0.763124,-0.134141,0.338187,1.45478,-0.0657157,1.4067,
2.5748,0.763052,-0.134268,0.338251,1.45472,-0.0657151,1.40681,
2.57737,0.762966,-0.134346,0.338341,1.45466,-0.065689,1.40713,
2.57992,0.7629,-0.134472,0.338395,1.45464,-0.0656761,1.40726,
2.58246,0.762802,-0.134658,0.33847,1.45461,-0.0657,1.40747,
2.58517,0.762705,-0.134823,0.33855,1.45458,-0.0657502,1.40771,
2.58812,0.762569,-0.135044,0.338667,1.45453,-0.0658248,1.40801,
2.59177,0.762497,-0.135167,0.338727,1.45451,-0.0658313,1.40812,
2.59417,0.762429,-0.135277,0.338784,1.45449,-0.0658609,1.40827,
2.59664,0.762317,-0.135464,0.338881,1.45443,-0.0658653,1.40844,
2.59919,0.762239,-0.135602,0.338948,1.45437,-0.0658907,1.40855,
2.60159,0.76213,-0.135799,0.339036,1.45433,-0.065896,1.40874,
2.60412,0.762058,-0.135932,0.339094,1.4543,-0.0659116,1.40886,
2.6066,0.761958,-0.136102,0.339177,1.45425,-0.0659308,1.40909,
2.60918,0.761855,-0.13628,0.339262,1.4542,-0.065898,1.40928,
2.61178,0.761779,-0.136413,0.339326,1.45415,-0.0658713,1.40938,
2.61434,0.761672,-0.136583,0.339418,1.4541,-0.0658389,1.40958,
2.61735,0.761562,-0.13677,0.339512,1.45404,-0.0657964,1.40975,
2.6203,0.761435,-0.136981,0.339621,1.45394,-0.0658023,1.4099,
2.62305,0.761356,-0.137109,0.339692,1.45387,-0.0658427,1.41004,
2.62537,0.761246,-0.137287,0.339792,1.45378,-0.0658747,1.41025,
2.62777,0.761178,-0.1374,0.339847,1.45378,-0.0658739,1.4104,
2.63014,0.761136,-0.137508,0.339868,1.45385,-0.0658756,1.41057,
2.63255,0.761033,-0.137679,0.339953,1.45382,-0.065892,1.41079,
2.63501,0.760962,-0.137798,0.340014,1.45379,-0.0658783,1.41092,
2.63745,0.760853,-0.137983,0.340108,1.45373,-0.0658902,1.41111,
2.64014,0.760778,-0.138114,0.340167,1.45371,-0.0658611,1.41121,
2.64265,0.760663,-0.138301,0.340268,1.45363,-0.0658827,1.41144,
2.64517,0.760551,-0.138472,0.34037,1.45355,-0.0658276,1.41166,
2.64786,0.760475,-0.138588,0.340437,1.4535,-0.0657909,1.41179,
2.65021,0.760402,-0.138694,0.340503,1.45345,-0.0657742,1.41196,
2.6526,0.760294,-0.138863,0.340593,1.45342,-0.0657273,1.41217,
2.65517,0.760227,-0.138968,0.340647,1.45341,-0.0657175,1.41233,
2.65757,0.760125,-0.139133,0.340726,1.45341,-0.0656971,1.41256,
2.66013,0.760049,-0.139274,0.340774,1.45345,-0.0655251,1.41255,
2.66242,0.759935,-0.139465,0.340864,1.4534,-0.0656721,1.41276,
2.66477,0.759858,-0.139592,0.340928,1.45335,-0.0656889,1.41289,
2.66724,0.759749,-0.139744,0.341026,1.45328,-0.065741,1.41316,
2.66983,0.759673,-0.139858,0.341093,1.45322,-0.0657685,1.4133,
2.67235,0.759558,-0.140031,0.341194,1.45314,-0.0658053,1.41351,
2.67512,0.759488,-0.140133,0.341255,1.4531,-0.0657992,1.41366,
2.6778,0.759357,-0.14032,0.341363,1.45308,-0.0657651,1.41402,
2.68124,0.759256,-0.14048,0.341441,1.45309,-0.0656885,1.41427,
2.68374,0.759185,-0.140582,0.341501,1.45307,-0.0656453,1.41444,
2.68618,0.759115,-0.140683,0.341562,1.45304,-0.0655868,1.41461,
2.68859,0.759015,-0.140801,0.341651,1.45302,-0.0655257,1.41492,
2.69113,0.758947,-0.140881,0.341711,1.45302,-0.0654657,1.41512,
2.69352,0.758837,-0.141008,0.341818,1.45293,-0.0653787,1.41539,
2.69578,0.758768,-0.141084,0.341882,1.45292,-0.0653368,1.4156,
2.69815,0.758698,-0.14116,0.341952,1.45286,-0.0652878,1.41579,
2.70057,0.758601,-0.14127,0.34204,1.45285,-0.0652242,1.41609,
2.70315,0.758505,-0.141396,0.342115,1.45287,-0.0652245,1.41639,
2.7067,0.758406,-0.14153,0.342192,1.45289,-0.0652099,1.41669,
2.70928,0.758303,-0.141662,0.342275,1.45288,-0.0652131,1.41699,
2.71169,0.758237,-0.141743,0.342326,1.4529,-0.0651951,1.4172,
2.71414,0.758166,-0.141819,0.342416,1.45271,-0.0651683,1.41736,
2.71657,0.758067,-0.141924,0.3425,1.45271,-0.0651061,1.41768,
2.71917,0.757995,-0.142003,0.342564,1.45269,-0.0650373,1.41785,
2.72157,0.757899,-0.142098,0.342653,1.45266,-0.0649501,1.41818,
2.72411,0.757833,-0.142165,0.34271,1.45266,-0.0648966,1.41839,
2.72661,0.757743,-0.142252,0.342787,1.45267,-0.0648041,1.41874,
2.72977,0.757626,-0.142375,0.342875,1.45274,-0.0647161,1.41923,
2.73277,0.757563,-0.142457,0.342911,1.45278,-0.0647271,1.41946,
2.73527,0.757467,-0.142557,0.342981,1.45284,-0.0646516,1.41979,
2.73788,0.757406,-0.142612,0.343031,1.45287,-0.0646032,1.42003,
2.74061,0.757316,-0.14267,0.343113,1.4529,-0.0645271,1.42041,
2.74323,0.757252,-0.142718,0.343172,1.4529,-0.064471,1.42065,
2.74572,0.757156,-0.142792,0.343257,1.45291,-0.0643893,1.42101,
2.74817,0.757096,-0.142837,0.343305,1.45295,-0.0643351,1.42127,
2.75057,0.757014,-0.142892,0.34337,1.45299,-0.0642846,1.4217,
2.75294,0.756962,-0.142921,0.343408,1.45304,-0.0642103,1.42198,
2.75534,0.75688,-0.142991,0.343462,1.45312,-0.0640922,1.42237,
2.75782,0.756822,-0.143039,0.3435,1.45318,-0.0639861,1.42262,
2.76033,0.756734,-0.143115,0.34356,1.45325,-0.0638157,1.42298,
2.76289,0.756677,-0.143167,0.343601,1.45329,-0.0637014,1.42321,
2.7653,0.756592,-0.143218,0.343663,1.45337,-0.0635726,1.42361,
2.76832,0.756508,-0.143252,0.34373,1.45343,-0.0634965,1.42406,
2.77114,0.756451,-0.143276,0.343779,1.45345,-0.0634326,1.42435,
2.77354,0.756384,-0.143244,0.343843,1.45352,-0.0633359,1.42487,
2.7759,0.756335,-0.143259,0.343881,1.45358,-0.0632683,1.42517,
2.77829,0.756265,-0.143273,0.343933,1.45369,-0.0631625,1.42565,
2.78159,0.756198,-0.143266,0.343984,1.4538,-0.0630598,1.42614,
2.78411,0.756152,-0.143265,0.344023,1.45386,-0.0629844,1.42645,
2.78647,0.756084,-0.14325,0.34408,1.45395,-0.0628554,1.42697,
2.78918,0.756013,-0.143246,0.34413,1.45407,-0.0626981,1.42747,
2.79179,0.755966,-0.143241,0.344165,1.45415,-0.0625821,1.42779,
2.79426,0.75589,-0.143244,0.344221,1.45421,-0.0624109,1.42827,
2.79707,0.755816,-0.143246,0.344258,1.45432,-0.0622267,1.42874,
2.79978,0.755771,-0.14325,0.344273,1.45443,-0.0620938,1.42904,
2.80218,0.755726,-0.143251,0.344289,1.45451,-0.0619696,1.42935,
2.8046,0.755645,-0.143234,0.344306,1.45471,-0.0617348,1.43,
2.80851,0.755598,-0.143202,0.344305,1.45493,-0.0615323,1.43051,
2.81111,0.755561,-0.143179,0.344311,1.45505,-0.0614498,1.43088,
2.81342,0.755499,-0.14314,0.344328,1.45519,-0.0613405,1.43145,
2.81579,0.755462,-0.14312,0.344328,1.45531,-0.0612505,1.43179,
2.81819,0.755404,-0.143088,0.344327,1.45549,-0.0610833,1.43231,
2.82112,0.755365,-0.143064,0.344333,1.45559,-0.060967,1.43266,
2.82346,0.755302,-0.143023,0.344352,1.45573,-0.0607685,1.43318,
2.8261,0.755262,-0.142995,0.344358,1.45584,-0.0606171,1.43353,
2.82859,0.755206,-0.142949,0.344355,1.45604,-0.0603747,1.43405,
2.83144,0.755157,-0.14292,0.344319,1.45635,-0.0601316,1.43445,
2.83407,0.75513,-0.142867,0.344271,1.45665,-0.0599122,1.43503,
2.83675,0.755097,-0.142841,0.344256,1.4568,-0.0597721,1.43538,
2.83917,0.755063,-0.142821,0.344235,1.45695,-0.0596237,1.43573,
2.84161,0.755004,-0.142807,0.344213,1.45715,-0.0594174,1.43621,
2.84411,0.754966,-0.142799,0.344203,1.45727,-0.0593134,1.43654,
2.8466,0.754907,-0.14279,0.34419,1.45749,-0.0591202,1.43701,
2.84918,0.754866,-0.142775,0.344185,1.45763,-0.0589945,1.43734,
2.85162,0.754809,-0.142736,0.344172,1.45786,-0.0588143,1.43787,
2.85421,0.754748,-0.142689,0.344173,1.45807,-0.0586389,1.43841,
2.85715,0.75471,-0.142649,0.344177,1.45821,-0.058511,1.43879,
2.85944,0.754659,-0.142595,0.344178,1.45841,-0.0583433,1.43936,
2.8618,0.754625,-0.142559,0.344177,1.45854,-0.0582012,1.43973,
2.86423,0.754591,-0.142528,0.344171,1.45867,-0.0580487,1.44009,
2.86666,0.754541,-0.142486,0.344151,1.45892,-0.0577726,1.44061,
2.8693,0.754489,-0.142448,0.344137,1.45916,-0.0574913,1.44113,
2.87205,0.754456,-0.142413,0.344122,1.45935,-0.0573185,1.4415,
2.87436,0.754401,-0.14237,0.344108,1.45959,-0.0570732,1.44203,
2.87685,0.754363,-0.142344,0.344095,1.45976,-0.0569079,1.44238,
2.8793,0.754301,-0.142298,0.3441,1.45993,-0.0567169,1.44292,
2.88181,0.754257,-0.142281,0.344107,1.46004,-0.05661,1.44327,
2.88434,0.754187,-0.142266,0.344125,1.46018,-0.0564451,1.44376,
2.8868,0.754114,-0.142275,0.344157,1.46018,-0.0563116,1.44416,
2.88973,0.754073,-0.142276,0.344141,1.46034,-0.0561963,1.44447,
2.89219,0.754033,-0.142266,0.344134,1.46049,-0.0560742,1.44481,
2.89493,0.753975,-0.142259,0.344105,1.46076,-0.0558322,1.44527,
2.89747,0.753898,-0.142218,0.344079,1.46108,-0.0554784,1.44596,
2.9012,0.753858,-0.142194,0.344065,1.46122,-0.055312,1.4463,
2.90358,0.753796,-0.142151,0.344072,1.4614,-0.0550828,1.44685,
2.90616,0.753756,-0.142124,0.344063,1.46154,-0.0549281,1.4472,
2.90863,0.75369,-0.142088,0.344063,1.46172,-0.0546993,1.44773,
2.91125,0.753621,-0.142056,0.344063,1.46188,-0.0545064,1.44824,
2.91381,0.753578,-0.142035,0.34405,1.46203,-0.0543485,1.44857,
2.91629,0.753518,-0.142001,0.344034,1.46223,-0.0541749,1.44909,
2.9192,0.753463,-0.141952,0.344012,1.46244,-0.0540201,1.44964,
2.92218,0.753425,-0.141924,0.343995,1.46259,-0.0539155,1.44999,
2.92464,0.753364,-0.141888,0.343977,1.46279,-0.0537362,1.45052,
2.9272,0.753319,-0.141859,0.343979,1.46291,-0.0536012,1.45088,
2.9297,0.753226,-0.14182,0.34401,1.4631,-0.0533121,1.45156,
2.93322,0.753179,-0.141799,0.34403,1.46318,-0.0531566,1.4519,
2.93559,0.7531,-0.141776,0.344062,1.4633,-0.0529201,1.45239,
2.93823,0.753023,-0.141759,0.344095,1.46342,-0.0526593,1.45287,
2.94111,0.752952,-0.14175,0.344112,1.46356,-0.0524846,1.45335,
2.94377,0.752906,-0.14173,0.344132,1.46365,-0.052345,1.45369,
2.94631,0.75285,-0.141652,0.344159,1.46381,-0.0521511,1.45427,
2.94918,0.752805,-0.14162,0.344187,1.46388,-0.0520522,1.45465,
2.95181,0.752738,-0.141568,0.344227,1.46398,-0.0519087,1.45521,
2.95426,0.752693,-0.141539,0.344252,1.46405,-0.0517912,1.45555,
2.95664,0.752623,-0.14148,0.344291,1.46414,-0.05163,1.4561,
2.95913,0.752576,-0.141443,0.344318,1.4642,-0.0515185,1.45645,
2.96153,0.752474,-0.141389,0.344383,1.4643,-0.0512963,1.45713,
2.96477,0.752425,-0.141356,0.344417,1.46436,-0.0511725,1.45748,
2.9672,0.75238,-0.141322,0.344445,1.46444,-0.0510166,1.45783,
2.96967,0.752312,-0.141276,0.344492,1.46454,-0.0508101,1.45837,
2.97214,0.752268,-0.141244,0.344523,1.46461,-0.0506756,1.45874,
2.97443,0.752198,-0.141195,0.344574,1.46471,-0.0504756,1.45927,
2.97721,0.752121,-0.141152,0.34464,1.46474,-0.0503128,1.4598,
2.98015,0.752071,-0.141126,0.34468,1.46478,-0.0502135,1.46015,
2.98267,0.751995,-0.141085,0.34474,1.46485,-0.0500186,1.46065,
2.98517,0.751944,-0.141052,0.344782,1.46489,-0.0498809,1.46099,
2.98769,0.751865,-0.141006,0.344842,1.46497,-0.0497278,1.46154,
2.99019,0.751815,-0.140979,0.344878,1.46503,-0.0495989,1.46188,
2.99246,0.751751,-0.14093,0.344918,1.46516,-0.0494495,1.46243,
2.99544,0.751682,-0.140893,0.344961,1.46527,-0.0492588,1.46297,
2.99816,0.751634,-0.140877,0.344998,1.46531,-0.0491302,1.4633,
3.00063,0.751555,-0.140857,0.345061,1.46535,-0.048932,1.46379,
3.00321,0.751475,-0.140866,0.345108,1.46549,-0.0485781,1.46411,
3.00604,0.751424,-0.140849,0.345146,1.46555,-0.0484242,1.46443,
3.00843,0.75134,-0.140813,0.345213,1.46562,-0.0483835,1.46496,
3.01077,0.751287,-0.140783,0.345255,1.46567,-0.0482496,1.46531,
3.01367,0.751214,-0.140733,0.345308,1.46578,-0.0480372,1.46584,
3.0162,0.751149,-0.140671,0.345358,1.46588,-0.0478873,1.4664,
3.01911,0.751103,-0.140631,0.345395,1.46593,-0.0478055,1.4668,
3.02144,0.75106,-0.140578,0.345417,1.46608,-0.047704,1.46737,
3.02406,0.751012,-0.140551,0.345455,1.46613,-0.0476539,1.46773,
3.0264,0.75094,-0.140504,0.345515,1.4662,-0.0475468,1.46827,
3.02881,0.750891,-0.140481,0.345555,1.46625,-0.0474746,1.46861,
3.03131,0.750815,-0.140445,0.345619,1.46632,-0.0473299,1.46912,
3.03381,0.750768,-0.140406,0.345654,1.46642,-0.0471978,1.46949,
3.03625,0.750693,-0.140353,0.345728,1.46645,-0.047032,1.47001,
3.0388,0.750647,-0.140312,0.345765,1.46651,-0.0469167,1.47039,
3.04135,0.750579,-0.14025,0.345828,1.46657,-0.0467494,1.47096,
3.04381,0.750537,-0.140204,0.345866,1.46661,-0.0466193,1.47133,
3.04629,0.750479,-0.140129,0.345912,1.46671,-0.0464227,1.47191,
3.04873,0.750436,-0.14009,0.345949,1.46675,-0.0463059,1.47228,
3.05117,0.750393,-0.140054,0.345983,1.46681,-0.046161,1.47263,
3.05353,0.750316,-0.140031,0.346073,1.46669,-0.0460087,1.47305,
3.05595,0.750271,-0.139998,0.346106,1.46676,-0.0458933,1.4734,
3.05846,0.750198,-0.139959,0.346162,1.46684,-0.0457557,1.47394,
3.06122,0.750118,-0.139938,0.346223,1.46689,-0.0456511,1.47445,
3.06381,0.750066,-0.139919,0.346265,1.46692,-0.0455694,1.47478,
3.06625,0.749993,-0.139884,0.346318,1.46699,-0.04547,1.47532,
3.06872,0.749926,-0.139854,0.34636,1.46709,-0.0453875,1.47585,
3.07178,0.749884,-0.139828,0.346386,1.46714,-0.0452956,1.47619,
3.07418,0.749844,-0.139799,0.346413,1.46719,-0.0452098,1.47654,
3.07666,0.749779,-0.139754,0.346456,1.46728,-0.0450332,1.47705,
3.07922,0.749733,-0.139726,0.346489,1.46732,-0.0449171,1.4774,
3.08167,0.749667,-0.139681,0.346536,1.46738,-0.0447382,1.47791,
3.08414,0.749624,-0.139647,0.346566,1.46744,-0.0446068,1.47825,
3.08647,0.749555,-0.139599,0.346616,1.4675,-0.0444614,1.47879,
3.08914,0.749507,-0.139575,0.346651,1.46753,-0.0443825,1.47913,
3.09161,0.749435,-0.139538,0.346697,1.46762,-0.0442654,1.47967,
3.09417,0.749392,-0.13951,0.346723,1.46767,-0.0441938,1.48002,
3.09651,0.749307,-0.139457,0.34677,1.4678,-0.0440513,1.48073,
3.10021,0.749264,-0.139433,0.346797,1.46785,-0.0439865,1.48107,
3.10262,0.749205,-0.139386,0.346828,1.46794,-0.0438867,1.48159,
3.10519,0.749164,-0.139356,0.346858,1.46799,-0.0437948,1.48192,
3.10759,0.749101,-0.13931,0.346891,1.46808,-0.0436502,1.48244,
3.10989,0.749059,-0.139277,0.346906,1.46816,-0.0435582,1.48282,
3.11223,0.749016,-0.139245,0.346924,1.46823,-0.0434254,1.48317,
3.11466,0.748952,-0.139198,0.346942,1.46835,-0.0432419,1.4837,
3.11715,0.748904,-0.139182,0.346958,1.4684,-0.043115,1.48403,
3.11963,0.748836,-0.139159,0.34697,1.46852,-0.0429631,1.48452,
3.12215,0.74879,-0.139147,0.346979,1.46859,-0.0428477,1.48484,
3.1246,0.748723,-0.139142,0.346991,1.46869,-0.0426842,1.48527,
3.12721,0.74866,-0.139136,0.347003,1.4688,-0.042542,1.48573,
3.13018,0.748619,-0.139126,0.34701,1.46887,-0.042471,1.48605,
3.1327,0.748569,-0.139078,0.347,1.46905,-0.0423871,1.48658,
3.13522,0.748528,-0.13907,0.346992,1.46917,-0.0423577,1.48693,
3.13759,0.748462,-0.139064,0.346985,1.46932,-0.0423187,1.48743,
3.14015,0.74842,-0.139053,0.346982,1.46942,-0.0422845,1.48777,
3.1426,0.748358,-0.139031,0.346977,1.46959,-0.0421861,1.48829,
3.14521,0.748317,-0.139017,0.346979,1.46969,-0.0421034,1.48861,
3.14769,0.748249,-0.138995,0.346992,1.46979,-0.0419746,1.48909,
3.15023,0.748203,-0.13898,0.347003,1.46985,-0.04189,1.48941,
3.15312,0.748137,-0.138964,0.347003,1.46999,-0.0417786,1.48989,
3.15565,0.748076,-0.138951,0.346985,1.47016,-0.0416469,1.49037,
3.15821,0.748021,-0.138924,0.346962,1.47034,-0.0415405,1.4909,
3.16115,0.747966,-0.138902,0.346948,1.47049,-0.041492,1.49145,
3.16384,0.747926,-0.138896,0.34694,1.47061,-0.0414227,1.49178,
3.16624,0.747886,-0.138885,0.346938,1.47071,-0.0413805,1.49211,
3.16862,0.747823,-0.138872,0.346938,1.47085,-0.041301,1.49258,
3.17118,0.747781,-0.138868,0.346939,1.47092,-0.0412745,1.4929,
3.17366,0.74772,-0.138863,0.346927,1.47108,-0.0412072,1.49336,
3.17621,0.747677,-0.13886,0.34692,1.47119,-0.0411485,1.49367,
3.17867,0.747609,-0.138878,0.34691,1.47139,-0.0409278,1.49399,
3.18124,0.747538,-0.138886,0.34692,1.47149,-0.040871,1.49444,
3.18387,0.747493,-0.138883,0.346926,1.47158,-0.0408482,1.49478,
3.18644,0.747429,-0.138887,0.34693,1.47172,-0.0407717,1.49527,
3.18917,0.747387,-0.138905,0.34693,1.47181,-0.0407089,1.49556,
3.19152,0.747323,-0.138926,0.346935,1.47193,-0.04076,1.49603,
3.1941,0.747281,-0.138946,0.346934,1.47201,-0.0406866,1.49631,
3.19647,0.747221,-0.138974,0.346926,1.47218,-0.0405938,1.49675,
3.19896,0.747177,-0.138985,0.346929,1.47226,-0.0405366,1.49703,
3.20134,0.74712,-0.138991,0.346922,1.47239,-0.0404965,1.4975,
3.20382,0.747075,-0.138995,0.346927,1.47246,-0.0404639,1.49781,
3.20619,0.747017,-0.138987,0.346923,1.47261,-0.0404179,1.49831,
3.20884,0.746976,-0.138986,0.346927,1.47268,-0.0404098,1.49863,
3.21131,0.746908,-0.139001,0.346937,1.47277,-0.0403888,1.49908,
3.21386,0.746861,-0.139013,0.346951,1.4728,-0.0404,1.49939,
3.21623,0.746815,-0.139022,0.346964,1.47285,-0.0404103,1.49969,
3.21859,0.746764,-0.139057,0.346977,1.47285,-0.0403994,1.50005,
3.22116,0.746721,-0.139065,0.346981,1.47294,-0.0403892,1.50037,
3.22359,0.746659,-0.139074,0.346986,1.47306,-0.0403356,1.50082,
3.22623,0.74662,-0.139081,0.346989,1.47312,-0.0403083,1.50112,
3.22859,0.746568,-0.139081,0.346984,1.47325,-0.0402418,1.50159,
3.23114,0.746536,-0.139077,0.346975,1.47336,-0.0401899,1.50191,
3.23347,0.746488,-0.139077,0.346964,1.47348,-0.0401636,1.5024,
