0,0.727948,0.193575,0.417437,1.49008,0.032059,1.65369,
0.0016821,0.727948,0.193585,0.417437,1.49004,0.0319428,1.65374,
0.0039852,0.727949,0.193598,0.417431,1.49,0.0317637,1.65382,
0.0064198,0.72795,0.193605,0.417426,1.48997,0.0316441,1.65387,
0.0085035,0.727951,0.193611,0.417421,1.48995,0.0315223,1.65393,
0.0106378,0.727953,0.193615,0.417415,1.48993,0.031409,1.65397,
0.0134174,0.727957,0.193619,0.417405,1.4899,0.0312572,1.65404,
0.0159437,0.72796,0.193622,0.4174,1.48988,0.0311505,1.65409,
0.0180728,0.727961,0.193629,0.417398,1.48983,0.0309884,1.65417,
0.0202465,0.727965,0.193631,0.417391,1.48981,0.0308957,1.65421,
0.0228988,0.727966,0.193635,0.417388,1.48978,0.0307939,1.65426,
0.0263697,0.72797,0.193641,0.417382,1.48973,0.0305959,1.65435,
0.0294344,0.727972,0.193646,0.417378,1.4897,0.0304568,1.65441,
0.032645,0.727974,0.193651,0.417372,1.48967,0.0303562,1.65447,
0.0361419,0.727977,0.193659,0.417369,1.48962,0.0301924,1.65456,
0.038933,0.727979,0.193667,0.41736,1.4896,0.0300659,1.65463,
0.0415305,0.727981,0.193672,0.417353,1.48959,0.0299902,1.65467,
0.0434682,0.727983,0.193677,0.417344,1.48959,0.0299103,1.65471,
0.0472018,0.727987,0.193687,0.417321,1.48958,0.0297805,1.65479,
0.0492954,0.72799,0.193692,0.417304,1.48958,0.0297187,1.65482,
0.0530684,0.727998,0.193702,0.417265,1.4896,0.0295828,1.65489,
0.055095,0.728001,0.193709,0.417243,1.48961,0.0295188,1.65493,
0.0576901,0.728005,0.193717,0.417221,1.48962,0.0294645,1.65496,
0.0612432,0.728011,0.193731,0.417183,1.48963,0.0293505,1.65504,
0.0648022,0.728015,0.193743,0.417156,1.48964,0.029261,1.6551,
0.068385,0.728021,0.193761,0.417109,1.48967,0.0291527,1.65518,
0.0714288,0.728029,0.193781,0.417051,1.48971,0.0290597,1.65527,
0.0746794,0.728034,0.193789,0.417019,1.48973,0.0290173,1.65531,
0.0766485,0.728038,0.193798,0.416992,1.48975,0.0289722,1.65534,
0.0788727,0.728043,0.193809,0.416956,1.48978,0.0289015,1.6554,
0.0811005,0.728046,0.193817,0.416935,1.48979,0.0288531,1.65544,
0.085029,0.728051,0.193824,0.416902,1.48982,0.0287957,1.65548,
0.0871463,0.728057,0.193834,0.416868,1.48984,0.0287195,1.65553,
0.0895786,0.728061,0.193841,0.416842,1.48986,0.0286692,1.65557,
0.0916648,0.728067,0.193846,0.416811,1.48989,0.0286243,1.65561,
0.0938733,0.728072,0.193851,0.416781,1.48992,0.0285808,1.65564,
0.0961408,0.728081,0.193857,0.416735,1.48996,0.0285136,1.6557,
0.100032,0.72809,0.19386,0.416693,1.48999,0.02844,1.65575,
0.101974,0.728099,0.193861,0.416649,1.49003,0.0283774,1.65579,
0.104163,0.728106,0.193859,0.416619,1.49006,0.028344,1.65581,
0.106547,0.728115,0.193857,0.416583,1.49009,0.0283233,1.65583,
0.108595,0.728122,0.193854,0.41655,1.49012,0.0282985,1.65585,
0.110745,0.72813,0.193851,0.41652,1.49015,0.0282721,1.65587,
0.113027,0.728138,0.193847,0.416489,1.49017,0.028218,1.6559,
0.115242,0.728144,0.193844,0.416471,1.49018,0.0281748,1.65593,
0.119217,0.728154,0.19384,0.416437,1.49019,0.0280881,1.65598,
0.121747,0.728158,0.19384,0.416422,1.49019,0.0280465,1.65602,
0.123963,0.728161,0.193845,0.41641,1.49019,0.0279753,1.65607,
0.126138,0.728167,0.193843,0.416383,1.49021,0.0279428,1.65609,
0.128337,0.728171,0.193844,0.416367,1.49022,0.0279098,1.65612,
0.130571,0.728174,0.193846,0.416351,1.49022,0.0278761,1.65614,
0.134185,0.728178,0.193851,0.416331,1.49023,0.027821,1.65619,
0.136113,0.728182,0.193856,0.416313,1.49024,0.0277744,1.65623,
0.138202,0.728184,0.19386,0.416302,1.49025,0.0277441,1.65626,
0.140822,0.728185,0.193864,0.416294,1.49024,0.0277095,1.65629,
0.144534,0.728187,0.193874,0.416279,1.49024,0.0276355,1.65635,
0.148031,0.728189,0.193882,0.416267,1.49024,0.0275778,1.6564,
0.151362,0.728192,0.19389,0.41625,1.49025,0.0275098,1.65647,
0.154012,0.728195,0.193896,0.416234,1.49025,0.0274613,1.65651,
0.156259,0.728197,0.193899,0.416223,1.49025,0.0274291,1.65655,
0.160048,0.728201,0.193905,0.416205,1.49026,0.0273793,1.6566,
0.163508,0.728208,0.193906,0.416179,1.49027,0.0273314,1.65665,
0.167068,0.728213,0.193902,0.41616,1.49028,0.0272993,1.65668,
0.17003,0.728226,0.193892,0.416125,1.49029,0.0272289,1.65674,
0.17599,0.728231,0.193888,0.41611,1.4903,0.0271939,1.65677,
0.179317,0.728237,0.193888,0.41609,1.49031,0.0271498,1.65682,
0.182671,0.728241,0.19389,0.416076,1.49031,0.0271154,1.65686,
0.185869,0.728245,0.193893,0.41606,1.49032,0.0270766,1.65691,
0.189505,0.728248,0.193903,0.416037,1.49033,0.0270167,1.65698,
0.193063,0.728252,0.193909,0.416019,1.49034,0.0269886,1.65702,
0.196512,0.728256,0.193918,0.415994,1.49035,0.0269698,1.65707,
0.200057,0.72826,0.193922,0.415975,1.49036,0.0269589,1.65711,
0.202383,0.728263,0.193926,0.415956,1.49037,0.0269505,1.65714,
0.204579,0.728265,0.193929,0.415946,1.49038,0.0269474,1.65716,
0.206912,0.728269,0.193929,0.415934,1.49038,0.0269509,1.65718,
0.210949,0.728275,0.193926,0.415918,1.49039,0.0269536,1.65721,
0.214371,0.728283,0.193918,0.415898,1.4904,0.026951,1.65723,
0.21768,0.72829,0.193911,0.415881,1.49041,0.0269455,1.65725,
0.219593,0.728294,0.193909,0.415868,1.49042,0.0269456,1.65726,
0.22183,0.728298,0.193908,0.415852,1.49043,0.0269475,1.65728,
0.223898,0.728304,0.19391,0.415824,1.49046,0.0269609,1.6573,
0.226453,0.728306,0.193911,0.415816,1.49046,0.0269647,1.65732,
0.228786,0.72831,0.193915,0.415793,1.49048,0.0269789,1.65734,
0.230801,0.728313,0.19392,0.415773,1.4905,0.0269931,1.65735,
0.233657,0.728316,0.193928,0.415747,1.49053,0.0270224,1.65737,
0.235554,0.728318,0.193934,0.41573,1.49054,0.0270452,1.65739,
0.237916,0.72832,0.19394,0.415713,1.49056,0.0270691,1.6574,
0.240139,0.728323,0.193951,0.415687,1.49058,0.0271016,1.65743,
0.24243,0.728325,0.193958,0.415669,1.49059,0.0271245,1.65744,
0.244522,0.728328,0.193966,0.415647,1.49062,0.027146,1.65746,
0.246629,0.728332,0.193973,0.415622,1.49064,0.0271703,1.65748,
0.248761,0.728336,0.193979,0.415592,1.49067,0.0271985,1.65749,
0.251161,0.728343,0.193986,0.415546,1.49073,0.0272426,1.6575,
0.253417,0.728348,0.193991,0.415515,1.49076,0.0272695,1.65751,
0.255486,0.728352,0.193994,0.415488,1.49079,0.0272925,1.65752,
0.257653,0.728356,0.193997,0.415461,1.49082,0.0273174,1.65752,
0.259913,0.728363,0.194001,0.415421,1.49086,0.0273538,1.65753,
0.26215,0.728368,0.194004,0.41539,1.4909,0.0273811,1.65754,
0.264536,0.728374,0.194005,0.415355,1.49094,0.0274141,1.65754,
0.266568,0.728387,0.194007,0.415283,1.49102,0.0274721,1.65754,
0.27013,0.728393,0.194006,0.415253,1.49105,0.0274999,1.65755,
0.272467,0.728398,0.194004,0.415226,1.49108,0.027528,1.65754,
0.274575,0.728404,0.194001,0.415199,1.49111,0.0275602,1.65754,
0.276826,0.72841,0.193998,0.415172,1.49114,0.0275918,1.65753,
0.279,0.728418,0.193996,0.415129,1.49119,0.0276434,1.65753,
0.281192,0.728424,0.193995,0.4151,1.49122,0.0276783,1.65753,
0.28362,0.728429,0.193996,0.415072,1.49124,0.0277118,1.65753,
0.285696,0.728433,0.193996,0.415049,1.49127,0.0277443,1.65753,
0.287881,0.728437,0.193997,0.415023,1.49129,0.0277856,1.65753,
0.290071,0.728439,0.194,0.415009,1.4913,0.0278077,1.65754,
0.29255,0.728441,0.194002,0.414996,1.49131,0.0278258,1.65755,
0.294536,0.728443,0.194005,0.414981,1.49133,0.027846,1.65755,
0.296719,0.728445,0.194007,0.414967,1.49134,0.0278682,1.65756,
0.299013,0.728448,0.194012,0.414944,1.49136,0.0279,1.65757,
0.301107,0.72845,0.194015,0.41493,1.49138,0.027919,1.65757,
0.303495,0.728452,0.194018,0.414915,1.49139,0.0279374,1.65758,
0.305784,0.728455,0.194021,0.414899,1.49141,0.0279549,1.65759,
0.307853,0.728457,0.194027,0.414877,1.49143,0.0279801,1.6576,
0.310159,0.728459,0.19403,0.414863,1.49144,0.0279917,1.65761,
0.312415,0.72846,0.194034,0.414854,1.49145,0.0280066,1.65761,
0.314625,0.728461,0.194037,0.414846,1.49146,0.0280218,1.65762,
0.31683,0.728461,0.19404,0.414839,1.49146,0.0280348,1.65762,
0.319087,0.728461,0.194045,0.414832,1.49147,0.0280555,1.65763,
0.321586,0.728461,0.194049,0.414827,1.49147,0.0280693,1.65764,
0.323547,0.728461,0.194053,0.414823,1.49147,0.0280852,1.65765,
0.325657,0.72846,0.194058,0.41482,1.49147,0.0281014,1.65766,
0.327889,0.728459,0.194065,0.414816,1.49147,0.0281314,1.65767,
0.33004,0.728458,0.19407,0.414814,1.49147,0.0281541,1.65767,
0.332759,0.728457,0.194075,0.414813,1.49147,0.028181,1.65768,
0.334808,0.728456,0.19408,0.414812,1.49147,0.0282107,1.65768,
0.337048,0.728455,0.194088,0.41481,1.49146,0.0282688,1.65769,
0.339349,0.728454,0.194092,0.414809,1.49146,0.0283137,1.6577,
0.341558,0.728453,0.194097,0.414808,1.49146,0.028358,1.6577,
0.343672,0.728452,0.194101,0.414805,1.49146,0.0283946,1.65771,
0.345965,0.728452,0.194108,0.4148,1.49146,0.0284336,1.65771,
0.348202,0.728451,0.194112,0.414795,1.49147,0.0284592,1.65772,
0.350595,0.728452,0.194116,0.41479,1.49147,0.0284879,1.65772,
0.352696,0.728452,0.19412,0.414783,1.49148,0.0285208,1.65773,
0.355101,0.728453,0.194126,0.414772,1.49149,0.0285669,1.65774,
0.357268,0.728454,0.194129,0.414763,1.4915,0.0285934,1.65774,
0.359674,0.728455,0.194132,0.414752,1.49151,0.0286216,1.65775,
0.361644,0.728457,0.194136,0.414741,1.49153,0.0286536,1.65775,
0.363998,0.728459,0.19414,0.414724,1.49155,0.028704,1.65775,
0.366596,0.728461,0.194143,0.414713,1.49156,0.028741,1.65776,
0.368766,0.728463,0.194146,0.414703,1.49158,0.0287789,1.65776,
0.370935,0.728465,0.194148,0.414693,1.49159,0.0288137,1.65776,
0.373153,0.728467,0.194152,0.414679,1.49161,0.0288666,1.65776,
0.375538,0.728469,0.194154,0.414669,1.49162,0.0289051,1.65776,
0.377555,0.728471,0.194157,0.41466,1.49164,0.0289462,1.65776,
0.379739,0.728473,0.19416,0.414646,1.49165,0.0289911,1.65776,
0.382142,0.728475,0.194161,0.414636,1.49167,0.0290296,1.65776,
0.384117,0.728476,0.194163,0.414626,1.49168,0.0290706,1.65776,
0.386521,0.728478,0.194165,0.414617,1.49169,0.0291074,1.65776,
0.388549,0.72848,0.194167,0.414607,1.49171,0.0291438,1.65776,
0.390761,0.728482,0.194169,0.414598,1.49172,0.0291815,1.65776,
0.393025,0.728486,0.194173,0.414584,1.49174,0.0292431,1.65777,
0.395521,0.728489,0.194176,0.414574,1.49176,0.0292817,1.65777,
0.397662,0.728493,0.19418,0.414555,1.49179,0.029361,1.65777,
0.40147,0.728496,0.194182,0.414545,1.49181,0.029404,1.65777,
0.403539,0.728498,0.194184,0.414535,1.49182,0.0294397,1.65777,
0.405747,0.728501,0.194188,0.414522,1.49184,0.0294705,1.65777,
0.408011,0.728507,0.194193,0.414501,1.49188,0.0295168,1.65778,
0.410191,0.728511,0.194196,0.414484,1.4919,0.0295463,1.65778,
0.412579,0.728515,0.194199,0.414467,1.49193,0.0295816,1.65778,
0.414962,0.728519,0.194203,0.414448,1.49196,0.029623,1.65779,
0.416896,0.728527,0.19421,0.414413,1.49201,0.0296997,1.65779,
0.419151,0.728532,0.194215,0.414388,1.49205,0.0297472,1.65779,
0.421585,0.728539,0.19422,0.414361,1.49209,0.0297914,1.6578,
0.423548,0.728545,0.194226,0.414337,1.49213,0.0298356,1.6578,
0.425702,0.728552,0.194232,0.414311,1.49217,0.0298818,1.65781,
0.428006,0.728563,0.194242,0.414273,1.49223,0.0299528,1.65782,
0.430207,0.728571,0.194249,0.414247,1.49228,0.0300035,1.65783,
0.432571,0.728578,0.194256,0.414221,1.49232,0.0300563,1.65784,
0.434685,0.728585,0.194263,0.414203,1.49236,0.0301079,1.65785,
0.43689,0.728598,0.194275,0.414155,1.49245,0.0302,1.65786,
0.43912,0.728608,0.194285,0.414115,1.49252,0.0302597,1.65787,
0.441629,0.728618,0.194294,0.414066,1.49263,0.0303243,1.65789,
0.44359,0.72863,0.194307,0.413998,1.49283,0.0303918,1.65793,
0.445752,0.728643,0.194321,0.413929,1.49301,0.0304636,1.65796,
0.448111,0.728662,0.194337,0.413836,1.4932,0.0305769,1.65799,
0.450222,0.728676,0.19435,0.413769,1.49333,0.0306535,1.65801,
0.45293,0.728692,0.194364,0.413692,1.49349,0.0307349,1.65804,
0.454624,0.728711,0.19438,0.413605,1.49366,0.0308194,1.65806,
0.456831,0.728743,0.194408,0.413457,1.49395,0.0309565,1.65811,
0.459173,0.728766,0.194427,0.413358,1.49415,0.0310462,1.65815,
0.461418,0.728791,0.194447,0.413256,1.49436,0.0311359,1.65819,
0.463613,0.728817,0.194467,0.413146,1.49458,0.0312285,1.65823,
0.465815,0.728845,0.194488,0.413027,1.49481,0.0313282,1.65826,
0.468013,0.728889,0.19452,0.412838,1.49519,0.0314814,1.65832,
0.470454,0.728922,0.194543,0.412702,1.49546,0.0315902,1.65837,
0.472579,0.728957,0.194566,0.412565,1.49573,0.0317006,1.65841,
0.474698,0.728991,0.194585,0.412428,1.49602,0.0318089,1.65846,
0.477099,0.729047,0.194608,0.41221,1.49646,0.031982,1.65851,
0.479101,0.729086,0.194621,0.41206,1.49677,0.0321003,1.65854,
0.481552,0.729129,0.194636,0.411894,1.49712,0.0322269,1.65857,
0.483555,0.729172,0.19465,0.411733,1.49745,0.0323419,1.65861,
0.485707,0.729217,0.194662,0.411564,1.49781,0.0324681,1.65863,
0.488015,0.72929,0.194681,0.411296,1.49837,0.0326709,1.65867,
0.490211,0.729344,0.194694,0.411092,1.49878,0.0328134,1.6587,
0.492558,0.729401,0.194708,0.41088,1.49922,0.0329563,1.65874,
0.494903,0.729461,0.194716,0.410649,1.49967,0.0331086,1.65877,
0.497135,0.729558,0.194724,0.410283,1.5004,0.0333382,1.6588,
0.49967,0.729619,0.194738,0.410038,1.50088,0.0335197,1.65883,
0.50176,0.729683,0.194738,0.409773,1.5014,0.0336691,1.65885,
0.504253,0.72978,0.194741,0.409384,1.50218,0.033898,1.65888,
0.506503,0.729843,0.194736,0.409121,1.50269,0.0340439,1.65888,
0.508678,0.729907,0.194732,0.40885,1.50323,0.0341779,1.6589,
0.510715,0.729976,0.194726,0.408563,1.50379,0.0343197,1.65891,
0.51321,0.730082,0.194714,0.408116,1.50463,0.0345585,1.65891,
0.515527,0.730159,0.1947,0.407799,1.50522,0.0347195,1.65891,
0.51737,0.73024,0.194687,0.407458,1.50584,0.0348908,1.65891,
0.519756,0.730325,0.194674,0.407113,1.50648,0.0350593,1.65891,
0.52214,0.730408,0.194662,0.40676,1.50713,0.0352382,1.65891,
0.524296,0.730523,0.194627,0.406259,1.50799,0.0354722,1.65886,
0.526551,0.73061,0.194619,0.405885,1.50868,0.0356376,1.65887,
0.528646,0.730698,0.194616,0.405498,1.5094,0.035806,1.65889,
0.530715,0.730838,0.19461,0.404875,1.51054,0.0360997,1.65891,
0.533153,0.730935,0.194608,0.404439,1.51134,0.0363122,1.65893,
0.535462,0.731032,0.194599,0.404013,1.51212,0.0365084,1.65894,
0.537621,0.731133,0.194592,0.403573,1.51294,0.0367117,1.65895,
0.53978,0.731287,0.194578,0.402906,1.51417,0.037018,1.65896,
0.542346,0.731392,0.194571,0.402426,1.51505,0.0372588,1.65897,
0.544459,0.731498,0.194563,0.401941,1.51594,0.0375004,1.65898,
0.546515,0.731601,0.194558,0.40145,1.51684,0.037752,1.65898,
0.548787,0.731759,0.194536,0.400705,1.51821,0.0380867,1.65899,
0.550987,0.731867,0.194511,0.400202,1.51913,0.0383186,1.65897,
0.553454,0.731978,0.194483,0.399679,1.52009,0.0385634,1.65895,
0.555413,0.732091,0.194448,0.399142,1.52104,0.0388077,1.65892,
0.557621,0.732203,0.194411,0.398622,1.52198,0.0390569,1.65888,
0.559906,0.732373,0.194352,0.397819,1.5234,0.0394472,1.65881,
0.56225,0.732488,0.194316,0.397267,1.52437,0.0397217,1.65877,
0.564611,0.732603,0.194302,0.396689,1.52538,0.0400121,1.65876,
0.566926,0.732785,0.194231,0.395831,1.5269,0.0404469,1.65866,
0.569414,0.732909,0.194182,0.395253,1.52793,0.040741,1.6586,
0.571461,0.733034,0.19414,0.394646,1.52899,0.0410596,1.65855,
0.573511,0.73316,0.194094,0.394053,1.53004,0.0413632,1.65849,
0.575683,0.733288,0.194046,0.393442,1.53111,0.0416923,1.65842,
0.577986,0.733485,0.193959,0.392516,1.53275,0.0421741,1.65831,
0.580423,0.733621,0.193909,0.391862,1.5339,0.0425248,1.65824,
0.582483,0.733752,0.193854,0.391228,1.53505,0.0428473,1.65818,
0.584575,0.733884,0.193807,0.390576,1.53621,0.0431882,1.65813,
0.586839,0.734083,0.193726,0.389577,1.53797,0.0437098,1.65803,
0.58906,0.734211,0.193673,0.388927,1.53913,0.0440531,1.65796,
0.591414,0.734338,0.193625,0.38826,1.54029,0.0444062,1.6579,
0.593607,0.734461,0.193577,0.387598,1.54146,0.0447663,1.65784,
0.595893,0.734647,0.193498,0.386582,1.54321,0.0453029,1.65774,
0.598015,0.73477,0.193433,0.385924,1.54436,0.0456518,1.65766,
0.600444,0.734903,0.193371,0.385182,1.54561,0.046044,1.65757,
0.602465,0.735028,0.193312,0.384478,1.54681,0.0463696,1.65753,
0.604632,0.735152,0.193239,0.383795,1.548,0.0467077,1.65744,
0.606867,0.735348,0.193127,0.382723,1.54985,0.0472297,1.65731,
0.609086,0.735475,0.193053,0.382016,1.55109,0.0475673,1.65723,
0.611474,0.735602,0.192978,0.381297,1.55233,0.0479098,1.65714,
0.613493,0.735728,0.192914,0.38058,1.55359,0.0482585,1.65707,
0.615699,0.735823,0.192823,0.380142,1.5545,0.0484075,1.65698,
0.617916,0.736014,0.192719,0.379026,1.55642,0.04895,1.65687,
0.620303,0.736139,0.192646,0.378302,1.55768,0.0492746,1.6568,
0.622478,0.736268,0.19258,0.377541,1.55897,0.0496243,1.65674,
0.624605,0.736393,0.192507,0.376806,1.56024,0.0499443,1.65668,
0.627104,0.736648,0.192351,0.375286,1.56284,0.0506144,1.65653,
0.630449,0.736776,0.192272,0.374539,1.56411,0.0509523,1.65645,
0.632411,0.736904,0.192198,0.373766,1.56541,0.0513034,1.65638,
0.634564,0.737029,0.192122,0.373002,1.56671,0.0516541,1.65631,
0.636828,0.737222,0.191998,0.371832,1.56871,0.0521762,1.6562,
0.639126,0.737352,0.191906,0.371034,1.57006,0.0525293,1.65611,
0.641456,0.737477,0.191812,0.370253,1.57139,0.0528609,1.65601,
0.643556,0.737602,0.191713,0.369463,1.57271,0.0532118,1.65591,
0.645781,0.737727,0.191609,0.368674,1.57405,0.0535443,1.6558,
0.647989,0.737911,0.191465,0.367464,1.57609,0.0540765,1.65566,
0.650412,0.738026,0.191383,0.366673,1.57743,0.0544315,1.65559,
0.652414,0.738142,0.1913,0.365849,1.57881,0.054806,1.65551,
0.654623,0.738252,0.191215,0.365058,1.58015,0.0551723,1.65542,
0.656879,0.738416,0.191095,0.363833,1.58217,0.0557235,1.65531,
0.659041,0.738525,0.191023,0.363001,1.58355,0.0560897,1.65525,
0.661467,0.738631,0.19095,0.362194,1.5849,0.0564199,1.65519,
0.663654,0.738737,0.190878,0.361375,1.58627,0.0567724,1.65513,
0.665839,0.738895,0.190765,0.360125,1.58835,0.0573178,1.65503,
0.668082,0.739,0.190689,0.359279,1.58973,0.0577101,1.65496,
0.670451,0.739104,0.190604,0.358459,1.59107,0.0580743,1.65487,
0.672572,0.739205,0.190527,0.357617,1.59245,0.0584623,1.6548,
0.674794,0.739354,0.19041,0.356369,1.59452,0.0590211,1.65469,
0.677141,0.739454,0.19033,0.355516,1.59591,0.0594088,1.65461,
0.679459,0.739557,0.190236,0.35467,1.59731,0.0597581,1.65452,
0.681439,0.739654,0.190159,0.353811,1.59872,0.0601585,1.65446,
0.683668,0.739755,0.190063,0.352968,1.60011,0.0604948,1.65437,
0.685881,0.739902,0.189938,0.351673,1.60222,0.0610597,1.65427,
0.688077,0.739995,0.18986,0.35084,1.60357,0.0614401,1.6542,
0.69044,0.740089,0.189787,0.349968,1.60497,0.0618319,1.65414,
0.692526,0.740178,0.189718,0.349131,1.60631,0.0622046,1.65409,
0.69398,0.74027,0.189646,0.348256,1.60771,0.0625673,1.65404,
0.697044,0.740405,0.189534,0.346955,1.60977,0.0631101,1.65396,
0.69921,0.74048,0.189485,0.346165,1.61091,0.063569,1.6539,
0.701471,0.740569,0.189404,0.34528,1.61231,0.0639456,1.65384,
0.703618,0.740656,0.189317,0.344425,1.61369,0.0642903,1.65378,
0.705811,0.740783,0.189193,0.343112,1.61577,0.0648369,1.65369,
0.708054,0.740865,0.189114,0.342234,1.61717,0.0652059,1.65364,
0.710479,0.740945,0.189034,0.341375,1.61853,0.065551,1.65359,
0.712543,0.741023,0.188951,0.340514,1.61991,0.0659095,1.65353,
0.714772,0.741144,0.188816,0.339191,1.62201,0.0664681,1.65343,
0.717026,0.741227,0.188715,0.338302,1.62339,0.066847,1.65335,
0.719386,0.741309,0.188603,0.337443,1.62473,0.0672029,1.65324,
0.72148,0.741392,0.18849,0.336553,1.6261,0.0676003,1.65314,
0.723722,0.741473,0.188372,0.335703,1.6274,0.0679704,1.65302,
0.725909,0.741593,0.188193,0.334397,1.62938,0.0685552,1.65286,
0.72812,0.741674,0.188056,0.333552,1.63068,0.0689365,1.65272,
0.730469,0.741754,0.187918,0.332677,1.632,0.0693169,1.65257,
0.732579,0.741831,0.187776,0.331839,1.63326,0.0696908,1.65242,
0.734761,0.741908,0.18763,0.330973,1.63456,0.0700527,1.65227,
0.73698,0.742019,0.1874,0.329699,1.63645,0.0705927,1.65202,
0.739473,0.742089,0.187244,0.328879,1.63767,0.0709365,1.65186,
0.741492,0.742146,0.187126,0.328057,1.6389,0.0712905,1.65174,
0.743635,0.742212,0.186973,0.327221,1.64013,0.0716394,1.65158,
0.746014,0.742307,0.186737,0.325983,1.64196,0.0721755,1.65132,
0.748118,0.742363,0.186579,0.325199,1.64311,0.0725251,1.65113,
0.750715,0.742421,0.186415,0.324384,1.64429,0.0728808,1.65094,
0.752768,0.742479,0.18624,0.323604,1.64542,0.0732211,1.65073,
0.75492,0.742538,0.186059,0.322804,1.64657,0.0735636,1.65051,
0.757011,0.742623,0.185781,0.321654,1.6482,0.0740854,1.65016,
0.759181,0.742682,0.185584,0.320875,1.6493,0.074434,1.64991,
0.761478,0.742734,0.185398,0.320125,1.65036,0.0747724,1.64967,
0.763617,0.742786,0.185204,0.319366,1.65141,0.0751205,1.64941,
0.765861,0.742858,0.184905,0.318257,1.65293,0.0756321,1.64901,
0.768084,0.742902,0.184694,0.317552,1.65388,0.0759705,1.64872,
0.770471,0.742946,0.184469,0.316833,1.65486,0.0763114,1.64841,
0.772598,0.74299,0.184234,0.316138,1.65578,0.0766478,1.64807,
0.774761,0.743031,0.183996,0.315457,1.65669,0.0769042,1.64777,
0.77715,0.743093,0.183609,0.314422,1.65805,0.0773477,1.64724,
0.779614,0.743131,0.183333,0.313741,1.65893,0.0776248,1.64686,
0.781476,0.743166,0.183064,0.313048,1.65981,0.0779372,1.64648,
0.783692,0.7432,0.182789,0.312377,1.66065,0.0782311,1.64608,
0.786003,0.743246,0.182393,0.311412,1.66186,0.0786699,1.64551,
0.788123,0.743278,0.182114,0.310787,1.66264,0.0789446,1.64511,
0.790804,0.743306,0.181835,0.310155,1.66341,0.0792353,1.64471,
0.793105,0.743345,0.181397,0.309262,1.66449,0.0796356,1.64406,
0.795546,0.743367,0.18109,0.308652,1.66521,0.0799142,1.6436,
0.797717,0.743378,0.180773,0.308387,1.6655,0.0799522,1.6431,
0.799792,0.743395,0.180443,0.307812,1.66616,0.0802056,1.6426,
0.802068,0.743424,0.179942,0.306974,1.66711,0.080555,1.64185,
0.804101,0.743445,0.179593,0.30641,1.66775,0.0807903,1.64133,
0.806467,0.743464,0.179254,0.305871,1.66836,0.0810062,1.64082,
0.808541,0.743475,0.178914,0.305323,1.66895,0.0812419,1.6403,
0.810891,0.743481,0.178579,0.304813,1.6695,0.0814536,1.63979,
0.812976,0.743488,0.17805,0.304061,1.67028,0.0817757,1.63898,
0.815426,0.743491,0.177688,0.303576,1.67076,0.0819655,1.63843,
0.817456,0.743496,0.177342,0.303077,1.67127,0.082168,1.6379,
0.819854,0.743503,0.176788,0.302353,1.67199,0.0824348,1.63706,
0.822496,0.743507,0.176401,0.301895,1.67242,0.0826077,1.63646,
0.824597,0.743509,0.175987,0.301442,1.67283,0.0827649,1.63582,
0.826747,0.743506,0.175382,0.300787,1.67342,0.0829921,1.63488,
0.82908,0.743508,0.174985,0.300327,1.67385,0.0831668,1.63427,
0.831402,0.743504,0.174585,0.299911,1.67421,0.0833065,1.63364,
0.83349,0.743502,0.174177,0.299476,1.67459,0.0834817,1.633,
0.835769,0.743493,0.173773,0.299063,1.67494,0.0836376,1.63237,
0.838043,0.743479,0.173145,0.298454,1.67543,0.0838788,1.63137,
0.840395,0.743471,0.172721,0.298059,1.67574,0.0840253,1.63071,
0.842452,0.743467,0.172284,0.297636,1.67608,0.0842004,1.63002,
0.844521,0.743453,0.171844,0.297256,1.67636,0.0843304,1.62932,
0.846846,0.743435,0.171188,0.296665,1.67679,0.0845409,1.62827,
0.849099,0.743424,0.170747,0.296271,1.67709,0.0846791,1.62757,
0.851559,0.743414,0.170309,0.295856,1.67741,0.084822,1.62688,
0.853964,0.743391,0.169631,0.295274,1.67782,0.0850103,1.62581,
0.856078,0.743372,0.16917,0.294895,1.67807,0.0851259,1.62508,
0.858437,0.743363,0.1687,0.294514,1.67833,0.085252,1.62434,
0.860521,0.743348,0.168228,0.294123,1.67861,0.0853846,1.6236,
0.862835,0.743322,0.167533,0.293518,1.67904,0.0855877,1.6225,
0.865416,0.743298,0.167069,0.293149,1.67927,0.0857263,1.62176,
0.867508,0.743282,0.166606,0.292743,1.67958,0.0858487,1.62103,
0.869527,0.743262,0.166139,0.292356,1.67984,0.0859605,1.6203,
0.871695,0.74324,0.165671,0.29196,1.68012,0.086066,1.61956,
0.873972,0.743199,0.164922,0.291384,1.68047,0.0862338,1.61837,
0.876067,0.74318,0.164445,0.290955,1.68079,0.0863688,1.61762,
0.878517,0.743156,0.163963,0.290555,1.68106,0.0864894,1.61686,
0.880535,0.743122,0.163522,0.290186,1.68128,0.086686,1.61615,
0.882773,0.743082,0.162797,0.289566,1.68171,0.0868698,1.61501,
0.885068,0.743106,0.162399,0.289031,1.68228,0.0870732,1.61443,
0.887355,0.743079,0.161909,0.288638,1.68254,0.0871816,1.61366,
0.889427,0.743052,0.161421,0.288206,1.68284,0.0872996,1.6129,
0.891713,0.743021,0.160914,0.287804,1.6831,0.0873992,1.6121,
0.894128,0.742976,0.160184,0.287174,1.68353,0.0875323,1.61096,
0.896434,0.742946,0.15971,0.286745,1.68384,0.0876183,1.61022,
0.898459,0.742911,0.159217,0.28631,1.68414,0.087715,1.60946,
0.900538,0.742877,0.158737,0.285893,1.68443,0.0877808,1.60872,
0.902819,0.742825,0.158008,0.285231,1.68489,0.0879128,1.60759,
0.905069,0.742796,0.157495,0.284806,1.68519,0.0879853,1.6068,
0.907441,0.742757,0.156987,0.284369,1.68548,0.0880808,1.60601,
0.909438,0.74272,0.156508,0.283923,1.6858,0.0881688,1.60528,
0.911616,0.742682,0.156017,0.283464,1.68613,0.0882713,1.60452,
0.91383,0.742626,0.155274,0.282778,1.68663,0.0883873,1.60338,
0.916136,0.74258,0.15478,0.282336,1.68694,0.0884336,1.60261,
0.918438,0.742511,0.154409,0.281874,1.68727,0.0885094,1.60202,
0.920552,0.742475,0.153903,0.281415,1.68761,0.088586,1.60124,
0.922738,0.742408,0.153142,0.28072,1.6881,0.0887203,1.60007,
0.92505,0.742363,0.152657,0.280268,1.68842,0.0887857,1.59933,
0.927509,0.742314,0.152167,0.279784,1.68878,0.0888773,1.59858,
0.929492,0.742267,0.151681,0.279318,1.68912,0.0889472,1.59783,
0.93177,0.742217,0.151185,0.278834,1.68947,0.0890406,1.59707,
0.933935,0.742141,0.150435,0.278097,1.69002,0.0891589,1.59592,
0.936045,0.742098,0.149916,0.277621,1.69038,0.0892194,1.59513,
0.938502,0.742045,0.149397,0.277125,1.69073,0.0892954,1.59433,
0.940516,0.741997,0.148873,0.276641,1.69109,0.0893425,1.59353,
0.942783,0.741914,0.148128,0.27591,1.69161,0.0894566,1.59239,
0.945411,0.741856,0.147613,0.275438,1.69193,0.0895251,1.5916,
0.947494,0.741796,0.147111,0.274944,1.69229,0.0896152,1.59084,
0.949577,0.741738,0.146594,0.274464,1.69262,0.0896727,1.59004,
0.951848,0.741657,0.145819,0.273703,1.69319,0.0897668,1.58888,
0.954352,0.741594,0.145286,0.273238,1.69349,0.0898229,1.58806,
0.956492,0.741536,0.144754,0.272724,1.69387,0.089905,1.58725,
0.958564,0.74147,0.144244,0.272255,1.69418,0.0899622,1.58647,
0.96085,0.741375,0.143457,0.271519,1.69469,0.0900622,1.58528,
0.963063,0.741306,0.142925,0.271034,1.69501,0.0901368,1.58446,
0.965418,0.741243,0.142405,0.270566,1.69533,0.0901862,1.58367,
0.967439,0.741175,0.141855,0.270079,1.69565,0.090247,1.58283,
0.969713,0.741109,0.141302,0.269618,1.69595,0.09026,1.58199,
0.971957,0.741003,0.140485,0.268913,1.6964,0.090299,1.58075,
0.974149,0.740932,0.139952,0.268454,1.69669,0.0903115,1.57994,
0.976517,0.740854,0.139402,0.267998,1.69695,0.0903362,1.5791,
0.978562,0.740779,0.13887,0.267493,1.69729,0.0903896,1.5783,
0.980951,0.740661,0.138049,0.266815,1.69769,0.0904281,1.57704,
0.983147,0.740582,0.137487,0.26636,1.69795,0.0904552,1.57619,
0.985485,0.740501,0.136926,0.26593,1.69818,0.0904553,1.57533,
0.987528,0.740424,0.136365,0.265472,1.69846,0.0904659,1.57448,
0.989721,0.740335,0.135806,0.265053,1.69866,0.0904518,1.57362,
0.992009,0.740213,0.134958,0.264712,1.69862,0.0902185,1.57228,
0.994764,0.740126,0.134405,0.264302,1.69882,0.0902012,1.57143,
0.99745,0.739989,0.133541,0.263667,1.69912,0.0901877,1.5701,
0.999739,0.739904,0.132961,0.263232,1.69934,0.0901819,1.56922,
1.00185,0.739804,0.132394,0.262837,1.6995,0.0901436,1.56834,
1.00387,0.739662,0.131539,0.262209,1.69979,0.0900971,1.56702,
1.00638,0.73956,0.130969,0.261824,1.69993,0.090052,1.56614,
1.00851,0.739459,0.130392,0.261399,1.70012,0.0900376,1.56525,
1.01098,0.739354,0.129815,0.261018,1.70024,0.0900032,1.56435,
1.01299,0.739203,0.128932,0.260426,1.70045,0.089972,1.56298,
1.01528,0.739092,0.128338,0.260065,1.7005,0.0899213,1.56204,
1.01754,0.738985,0.127769,0.259679,1.70059,0.0899107,1.56114,
1.01961,0.738872,0.127175,0.259317,1.70065,0.089866,1.5602,
1.02182,0.738758,0.126602,0.258924,1.70077,0.0898423,1.55931,
1.02407,0.738583,0.125711,0.258372,1.70088,0.0897598,1.5579,
1.02657,0.738466,0.125122,0.258016,1.70094,0.0897101,1.55697,
1.02882,0.738285,0.124237,0.257486,1.70099,0.0896397,1.55556,
1.03153,0.73816,0.123669,0.257145,1.70101,0.089598,1.55465,
1.03367,0.73803,0.123078,0.256801,1.70101,0.0895565,1.55371,
1.03551,0.737902,0.122509,0.256485,1.70099,0.0895117,1.55279,
1.03817,0.737703,0.121624,0.255993,1.70094,0.0894396,1.55136,
1.04067,0.737576,0.121022,0.255659,1.70093,0.0893877,1.5504,
1.04287,0.737436,0.120421,0.255372,1.70083,0.0893089,1.54943,
1.04407,0.737226,0.119541,0.254912,1.70071,0.0891935,1.548,
1.04747,0.737086,0.118966,0.25463,1.70061,0.0891018,1.54706,
1.04957,0.736939,0.118375,0.254327,1.70051,0.0890246,1.54609,
1.0516,0.736793,0.117805,0.254046,1.7004,0.0889322,1.54516,
1.05393,0.736492,0.116638,0.253504,1.70013,0.0887541,1.54324,
1.0577,0.736261,0.115751,0.253114,1.69985,0.0885963,1.54177,
1.0603,0.736109,0.115169,0.252842,1.69969,0.0884879,1.5408,
1.06252,0.735945,0.114583,0.252607,1.69946,0.0883614,1.53982,
1.06468,0.735785,0.114041,0.252396,1.69918,0.0883141,1.5389,
1.0667,0.735618,0.113458,0.252158,1.69894,0.0881843,1.53792,
1.06901,0.735376,0.112578,0.251785,1.69862,0.0880114,1.53645,
1.07121,0.735205,0.111991,0.251585,1.69831,0.0878723,1.53546,
1.07349,0.735042,0.111387,0.251348,1.69806,0.0877589,1.53446,
1.07564,0.734866,0.110812,0.251147,1.69775,0.0876257,1.53348,
1.07787,0.73458,0.10994,0.250875,1.6972,0.0874246,1.53198,
1.08049,0.734406,0.109373,0.25067,1.69691,0.0873183,1.53102,
1.08254,0.734234,0.108821,0.250431,1.69667,0.0872316,1.5301,
1.08455,0.73404,0.108229,0.250273,1.69627,0.087094,1.52909,
1.08674,0.733851,0.107637,0.25008,1.69592,0.0870088,1.52809,
1.08903,0.733554,0.106871,0.249816,1.69537,0.0868075,1.52676,
1.09109,0.733367,0.106301,0.249623,1.69502,0.0866817,1.52579,
1.09386,0.73317,0.105721,0.249461,1.69462,0.0865522,1.5248,
1.09564,0.732977,0.10515,0.249269,1.69425,0.0864506,1.52382,
1.09787,0.732795,0.104427,0.248811,1.69418,0.0864321,1.52268,
1.10017,0.732589,0.103858,0.248666,1.69374,0.0863073,1.5217,
1.10255,0.732391,0.103282,0.248488,1.69336,0.0862011,1.52073,
1.10457,0.732184,0.102701,0.248365,1.69288,0.0860621,1.51973,
1.10681,0.731983,0.102125,0.248197,1.69248,0.0859538,1.51875,
1.10895,0.731664,0.10128,0.248005,1.69177,0.0857287,1.51729,
1.11147,0.731449,0.1007,0.24787,1.69131,0.0855767,1.51629,
1.11354,0.731238,0.100143,0.247737,1.69086,0.0854249,1.51534,
1.11561,0.731017,0.0995678,0.247603,1.69038,0.0852834,1.51434,
1.11782,0.730695,0.0987128,0.247415,1.68967,0.085073,1.51287,
1.12034,0.730471,0.0981326,0.247314,1.68914,0.0849189,1.51186,
1.12268,0.730253,0.0975429,0.247208,1.68863,0.0847971,1.51082,
1.12459,0.730023,0.0969653,0.247111,1.68809,0.0846518,1.50982,
1.1267,0.729799,0.0964034,0.247014,1.68755,0.0844955,1.50884,
1.12912,0.729448,0.0955676,0.246878,1.68669,0.0842853,1.50737,
1.13109,0.72921,0.0949945,0.246803,1.68609,0.0841365,1.50635,
1.1335,0.728862,0.0941592,0.246684,1.68521,0.0839139,1.50487,
1.13677,0.728618,0.0935892,0.246616,1.68458,0.0837654,1.50385,
1.13884,0.728257,0.0927133,0.24654,1.6836,0.0835035,1.50229,
1.14108,0.728018,0.0921443,0.246451,1.68302,0.0833657,1.50129,
1.14353,0.727769,0.0915683,0.246408,1.68236,0.0831874,1.50027,
1.1456,0.727524,0.0910165,0.246342,1.68174,0.0830266,1.49929,
1.14773,0.72727,0.0904427,0.246299,1.68107,0.0828429,1.49826,
1.15006,0.726898,0.0895922,0.2462,1.68014,0.0825944,1.49676,
1.15213,0.726638,0.0890188,0.246177,1.67943,0.0824055,1.49573,
1.15448,0.726386,0.0884567,0.246108,1.6788,0.0822458,1.49474,
1.15691,0.726123,0.0878677,0.246092,1.67807,0.0820511,1.49369,
1.15884,0.725729,0.0870063,0.24605,1.67701,0.0817514,1.49215,
1.16112,0.72547,0.0864483,0.246012,1.67633,0.0815649,1.49116,
1.16347,0.725196,0.0858853,0.245979,1.67562,0.0813735,1.49015,
1.16551,0.724931,0.0853273,0.245905,1.67498,0.0812271,1.48916,
1.16769,0.724654,0.0847704,0.245899,1.67425,0.0810102,1.48816,
1.17008,0.72425,0.08395,0.245841,1.67325,0.0807115,1.4867,
1.17237,0.723971,0.0833842,0.245846,1.67249,0.0804782,1.48569,
1.17461,0.723699,0.082825,0.245802,1.67181,0.08027,1.4847,
1.17656,0.723416,0.082245,0.245796,1.67107,0.0800358,1.48366,
1.17905,0.723004,0.0814081,0.245762,1.67001,0.0797055,1.48217,
1.18113,0.722716,0.0808411,0.245767,1.66924,0.0794667,1.48115,
1.18342,0.722435,0.0802942,0.245736,1.66852,0.0792531,1.48017,
1.18608,0.722157,0.0797356,0.245999,1.66742,0.0787801,1.47912,
1.18811,0.721721,0.0789068,0.246006,1.66625,0.0784182,1.47762,
1.19008,0.721436,0.0783587,0.246002,1.66549,0.0781738,1.47664,
1.19248,0.721137,0.0778037,0.246014,1.66467,0.0779276,1.47564,
1.19454,0.720851,0.0772473,0.246033,1.66387,0.0776703,1.47464,
1.19687,0.720549,0.0766841,0.246043,1.66307,0.0774394,1.47363,
1.19908,0.72011,0.0758652,0.246044,1.66191,0.0771064,1.47216,
1.20143,0.719802,0.0753313,0.246089,1.66105,0.0768567,1.47118,
1.20356,0.719503,0.0747975,0.246084,1.66027,0.0766474,1.47022,
1.20561,0.719193,0.0742571,0.246121,1.65942,0.0764182,1.46922,
1.20815,0.718728,0.0734516,0.246168,1.65814,0.0760886,1.46773,
1.21016,0.718422,0.0729349,0.246187,1.65733,0.0758858,1.46678,
1.21245,0.718105,0.0723879,0.246204,1.6565,0.0756808,1.46578,
1.21461,0.717798,0.0718511,0.246234,1.65568,0.0754593,1.4648,
1.21683,0.717479,0.0712918,0.246259,1.65484,0.0752571,1.46378,
1.21912,0.717014,0.0704873,0.246291,1.65362,0.0749407,1.46231,
1.22145,0.716687,0.0699525,0.246321,1.65278,0.0747155,1.46133,
1.22347,0.716372,0.0694286,0.246342,1.65197,0.0744886,1.46038,
1.22562,0.716041,0.0688906,0.246345,1.65122,0.074275,1.45941,
1.22787,0.715549,0.0681002,0.246388,1.64996,0.0739436,1.45796,
1.2301,0.715226,0.0675834,0.246411,1.64915,0.0737252,1.45702,
1.23257,0.714889,0.0670585,0.246447,1.64829,0.0735052,1.45605,
1.23461,0.714562,0.0665335,0.246454,1.6475,0.0733084,1.4551,
1.23676,0.714222,0.0659971,0.246499,1.64663,0.0730945,1.4541,
1.23898,0.713726,0.0652097,0.24651,1.64542,0.0728213,1.45267,
1.24137,0.713379,0.0646906,0.246557,1.64452,0.0726466,1.45171,
1.24361,0.713044,0.0641835,0.246585,1.64369,0.0724325,1.45078,
1.24574,0.712693,0.0636658,0.246606,1.64283,0.0722281,1.44982,
1.24787,0.712183,0.0629198,0.246663,1.64154,0.0718991,1.44845,
1.25056,0.711828,0.0624035,0.246702,1.64065,0.0716849,1.4475,
1.25263,0.711472,0.0618915,0.246754,1.63975,0.0714558,1.44655,
1.25471,0.711099,0.061364,0.246819,1.6388,0.0712305,1.44557,
1.25694,0.710739,0.0608579,0.246883,1.63788,0.0710029,1.44463,
1.25905,0.710214,0.0601047,0.246923,1.6366,0.0707452,1.44326,
1.26145,0.709851,0.0595746,0.246978,1.63568,0.0705408,1.44228,
1.26358,0.709498,0.0590593,0.247034,1.63479,0.0703406,1.44132,
1.26597,0.709131,0.0585279,0.247082,1.63387,0.07014,1.44034,
1.26805,0.708596,0.0577806,0.247173,1.6325,0.069847,1.43895,
1.2703,0.708222,0.0572738,0.247242,1.63154,0.0696451,1.438,
1.27291,0.708038,0.0569426,0.24703,1.63132,0.0696641,1.43748,
1.2747,0.707664,0.0564078,0.247103,1.63037,0.0694483,1.4365,
1.27694,0.707118,0.0556506,0.247199,1.62899,0.0691351,1.4351,
1.2794,0.706738,0.0551438,0.247291,1.628,0.0689059,1.43414,
1.28148,0.706369,0.0546394,0.247356,1.62708,0.0686887,1.4332,
1.2836,0.705987,0.0541198,0.247464,1.62608,0.0684269,1.43223,
1.28593,0.70541,0.0534096,0.247589,1.62464,0.0680725,1.43087,
1.28826,0.705039,0.0528829,0.247682,1.62367,0.0678267,1.42989,
1.29042,0.704649,0.0523529,0.247787,1.62267,0.0675784,1.4289,
1.29262,0.704272,0.0518411,0.247882,1.6217,0.0673392,1.42795,
1.29472,0.703879,0.0513155,0.247983,1.62069,0.0671032,1.42696,
1.29702,0.70331,0.0505468,0.248153,1.61919,0.066711,1.42552,
1.29918,0.702912,0.0499965,0.248264,1.61816,0.0665279,1.42445,
1.30146,0.702513,0.0494708,0.2484,1.61708,0.0662397,1.42346,
1.30355,0.702128,0.0489525,0.248507,1.61608,0.0659774,1.4225,
1.30571,0.701533,0.0481637,0.248713,1.61449,0.0655279,1.42104,
1.30814,0.701142,0.0476272,0.248814,1.61349,0.0652588,1.42005,
1.31048,0.700736,0.0470836,0.248952,1.61241,0.0649489,1.41904,
1.31248,0.700344,0.0465464,0.249085,1.61137,0.0646396,1.41806,
1.3147,0.699934,0.0460116,0.249232,1.61028,0.0643166,1.41706,
1.31712,0.699337,0.0452378,0.249415,1.60873,0.0638588,1.41564,
1.31914,0.698922,0.0447045,0.249579,1.60762,0.0635239,1.41464,
1.32158,0.69852,0.044186,0.249696,1.60658,0.0632432,1.41368,
1.32376,0.698102,0.0436505,0.249861,1.60545,0.0629071,1.41269,
1.32596,0.697478,0.0428651,0.250096,1.60377,0.0624246,1.41122,
1.32815,0.697071,0.0423398,0.250242,1.60269,0.062135,1.41023,
1.33051,0.696646,0.0418031,0.250398,1.60156,0.0618352,1.40922,
1.3326,0.696237,0.0412645,0.250564,1.60044,0.0615267,1.40822,
1.33489,0.695604,0.0404557,0.250815,1.59874,0.0610419,1.40671,
1.3371,0.695188,0.0399428,0.250959,1.59764,0.0607455,1.40575,
1.33957,0.694758,0.0394145,0.251151,1.59645,0.0603948,1.40475,
1.34157,0.694342,0.0388853,0.251325,1.59532,0.0600597,1.40377,
1.34387,0.693907,0.0383502,0.251495,1.59416,0.0597361,1.40277,
1.3462,0.693277,0.0375759,0.251751,1.59247,0.0592378,1.40133,
1.3484,0.692839,0.0370428,0.251942,1.59128,0.0589044,1.40033,
1.35051,0.692416,0.0365223,0.252123,1.59013,0.0585673,1.39937,
1.35265,0.691763,0.0357195,0.252399,1.58836,0.0580586,1.39789,
1.35548,0.691321,0.0351982,0.252617,1.58713,0.0576712,1.39693,
1.3574,0.690893,0.034692,0.252797,1.58597,0.0573236,1.39599,
1.35957,0.690447,0.0341783,0.253011,1.58473,0.0569445,1.39503,
1.36169,0.690015,0.0336644,0.253199,1.58355,0.0565971,1.39408,
1.36403,0.689348,0.032895,0.25353,1.58168,0.0560353,1.39263,
1.36649,0.688911,0.0323815,0.253705,1.58051,0.0557042,1.39168,
1.36848,0.688457,0.0318542,0.253921,1.57926,0.055352,1.39068,
1.37068,0.688019,0.0313269,0.254145,1.57803,0.0549793,1.3897,
1.37288,0.687342,0.0305181,0.254486,1.57615,0.0544196,1.38819,
1.37512,0.686882,0.0299846,0.254722,1.57489,0.0540231,1.3872,
1.37754,0.686437,0.0294655,0.254939,1.57366,0.0536563,1.38623,
1.37957,0.685999,0.0289627,0.255362,1.57219,0.0530634,1.38527,
1.38176,0.685532,0.0284354,0.255614,1.57088,0.0526642,1.38427,
1.38404,0.684838,0.0276469,0.255965,1.56898,0.0520729,1.38279,
1.38616,0.684385,0.027131,0.256208,1.5677,0.0516601,1.38184,
1.38856,0.683914,0.0266048,0.256473,1.56638,0.0512303,1.38086,
1.39062,0.68346,0.0260849,0.256729,1.56508,0.0507914,1.37991,
1.39285,0.682757,0.0252785,0.257113,1.56312,0.0501409,1.37844,
1.39542,0.682298,0.0247615,0.257376,1.56181,0.0497006,1.37749,
1.39753,0.681819,0.0242372,0.257657,1.56045,0.0492607,1.37651,
1.39958,0.681358,0.0237105,0.257925,1.55914,0.0488257,1.37555,
1.40188,0.680644,0.0229173,0.258315,1.55721,0.0481765,1.3741,
1.40411,0.680177,0.0223881,0.25858,1.5559,0.0477508,1.37313,
1.40649,0.679692,0.0218439,0.258893,1.55449,0.047273,1.37212,
1.40855,0.679223,0.0212925,0.259167,1.55315,0.0468371,1.37111,
1.41069,0.678734,0.020738,0.259471,1.55174,0.0463759,1.37008,
1.41302,0.678004,0.019919,0.259921,1.54966,0.0456992,1.36855,
1.41548,0.67753,0.019387,0.260233,1.54826,0.0452316,1.36757,
1.41763,0.677057,0.0188455,0.26053,1.54688,0.0447747,1.36658,
1.41991,0.676335,0.0180436,0.261011,1.54479,0.0440429,1.36512,
1.42216,0.675854,0.0175107,0.261339,1.54339,0.0435517,1.36415,
1.42452,0.675395,0.0169766,0.261682,1.54199,0.0430133,1.36319,
1.42656,0.674916,0.0164293,0.262052,1.54053,0.042441,1.3622,
1.42872,0.674456,0.0159015,0.26241,1.53915,0.0418675,1.36126,
1.43097,0.673743,0.0150975,0.262976,1.53697,0.041003,1.35981,
1.43321,0.673282,0.0145774,0.263347,1.53556,0.0404433,1.35887,
1.43553,0.672804,0.0140587,0.263765,1.53406,0.0398493,1.35791,
1.43768,0.672346,0.0135498,0.264168,1.53262,0.039261,1.35698,
1.43995,0.671605,0.0127459,0.264863,1.53026,0.0382877,1.35549,
1.44246,0.671183,0.0122497,0.265245,1.52893,0.0376899,1.35462,
1.44455,0.670708,0.0117444,0.265704,1.52739,0.0370045,1.35371,
1.44659,0.670216,0.0112356,0.266177,1.52582,0.0363108,1.35278,
1.44873,0.669745,0.01075,0.266639,1.5243,0.0356156,1.35191,
1.45096,0.669047,0.0100208,0.267341,1.52202,0.0345635,1.3506,
1.45314,0.668593,0.00955273,0.267815,1.52051,0.0338471,1.34977,
1.45553,0.668118,0.0090568,0.268325,1.51893,0.0330967,1.34888,
1.45764,0.667896,0.0087399,0.268566,1.51811,0.0325787,1.34845,
1.4599,0.66719,0.00801343,0.269388,1.51565,0.0313924,1.34715,
1.46213,0.666726,0.00754461,0.269942,1.51402,0.0306069,1.3463,
1.46464,0.666241,0.00707208,0.270527,1.51231,0.0297857,1.34543,
1.46662,0.665769,0.00658959,0.271106,1.51063,0.0289814,1.34455,
1.46884,0.665275,0.00613064,0.271715,1.50888,0.0281401,1.34371,
1.47108,0.664554,0.00545947,0.272605,1.50632,0.0268915,1.34249,
1.47355,0.664051,0.00500118,0.273223,1.50455,0.0260361,1.34166,
1.47554,0.66356,0.00452979,0.27382,1.50285,0.0253241,1.34071,
1.47801,0.662804,0.00385854,0.274756,1.50019,0.0240461,1.33948,
1.4803,0.662309,0.00344371,0.275376,1.49843,0.0231894,1.33873,
1.48253,0.66179,0.00310183,0.276027,1.4966,0.0223147,1.33807,
1.4846,0.661268,0.00268013,0.27669,1.49474,0.021417,1.33731,
1.48689,0.660506,0.00205601,0.277667,1.492,0.0200824,1.33619,
1.48916,0.659972,0.00162695,0.278346,1.4901,0.0191736,1.3354,
1.49339,0.658909,0.000772198,0.279702,1.4863,0.0173494,1.33384,
1.49561,0.658116,0.000116984,0.280718,1.48346,0.0159719,1.33267,
1.49871,0.657562,-0.000331854,0.281425,1.4815,0.0150304,1.33185,
1.50084,0.656732,-0.000986794,0.282476,1.47856,0.0136355,1.33066,
1.50313,0.656189,-0.00140911,0.283167,1.47663,0.0127231,1.32989,
1.50549,0.655623,-0.00184979,0.283893,1.47462,0.0117741,1.32909,
1.50754,0.655078,-0.00226952,0.284592,1.47269,0.0108505,1.32834,
1.50974,0.654511,-0.00268971,0.285325,1.47067,0.0098801,1.3276,
1.51203,0.653693,-0.00327943,0.286402,1.46773,0.00844465,1.32658,
1.51413,0.653123,-0.0037071,0.287154,1.4657,0.00744529,1.32583,
1.5165,0.652573,-0.00411521,0.287893,1.46371,0.00644981,1.32515,
1.51856,0.652001,-0.00454002,0.288659,1.46166,0.00542658,1.32442,
1.52086,0.651454,-0.0049069,0.28941,1.4596,0.00426962,1.32392,
1.52309,0.650601,-0.00552866,0.290538,1.45662,0.00292246,1.32272,
1.52553,0.65005,-0.00592218,0.291281,1.45464,0.00193814,1.32204,
1.52795,0.649206,-0.00652797,0.292405,1.45162,0.000408005,1.32103,
1.53083,0.648638,-0.0069288,0.293156,1.44961,-0.000619624,1.32035,
1.53304,0.647819,-0.0075186,0.294254,1.44668,-0.00214291,1.3194,
1.53552,0.647256,-0.00791868,0.295015,1.44466,-0.00321254,1.31877,
1.53754,0.646715,-0.00830919,0.295757,1.44271,-0.00424919,1.31816,
1.53968,0.646154,-0.00869868,0.296528,1.44069,-0.0053295,1.31755,
1.54191,0.645326,-0.00926579,0.297668,1.43769,-0.00693668,1.31668,
1.54447,0.644789,-0.0096372,0.298407,1.43576,-0.007978,1.3161,
1.54656,0.644232,-0.0100068,0.299166,1.43376,-0.00903693,1.31553,
1.54857,0.643697,-0.0103649,0.29989,1.43185,-0.0100428,1.31499,
1.55073,0.643146,-0.0107144,0.300639,1.42989,-0.0110754,1.31446,
1.55299,0.642352,-0.0112325,0.30173,1.42703,-0.0125719,1.31369,
1.55519,0.641805,-0.0115939,0.302496,1.42506,-0.0136209,1.31316,
1.55762,0.641281,-0.011946,0.303212,1.42319,-0.014646,1.31268,
1.55963,0.640739,-0.012286,0.303975,1.42123,-0.0157098,1.31221,
1.56192,0.63996,-0.0127785,0.305036,1.41846,-0.0172124,1.31154,
1.56449,0.639424,-0.0131222,0.305755,1.41658,-0.0182266,1.31107,
1.56647,0.638908,-0.0134534,0.306435,1.41478,-0.019199,1.31062,
1.56857,0.638375,-0.0137923,0.307135,1.41293,-0.0201845,1.31015,
1.57081,0.637864,-0.0141156,0.307805,1.41115,-0.0211326,1.30972,
1.57306,0.637081,-0.0146289,0.308834,1.40843,-0.0225869,1.30903,
1.57546,0.636554,-0.014966,0.309527,1.4066,-0.0235723,1.30858,
1.57751,0.636054,-0.0152854,0.310112,1.40494,-0.0244505,1.3082,
1.57965,0.635532,-0.0156023,0.310779,1.40314,-0.0253926,1.3078,
1.5819,0.634783,-0.0160778,0.311734,1.40057,-0.0267741,1.30723,
1.58412,0.634267,-0.0164006,0.312371,1.39883,-0.0276892,1.30682,
1.5866,0.633773,-0.0167215,0.312977,1.39716,-0.0285809,1.30644,
1.58863,0.633261,-0.0170534,0.313585,1.39547,-0.029456,1.30601,
1.59077,0.632771,-0.0173935,0.314171,1.39384,-0.0303324,1.3056,
1.59305,0.632022,-0.0179189,0.315059,1.39137,-0.0316615,1.30496,
1.59555,0.631537,-0.0182568,0.315632,1.38977,-0.0325318,1.30457,
1.59751,0.631037,-0.0185976,0.316221,1.38814,-0.0334245,1.30417,
1.59965,0.63056,-0.0189235,0.316783,1.38657,-0.0342898,1.30381,
1.60186,0.629827,-0.0194272,0.317639,1.38419,-0.0356038,1.30325,
1.60415,0.629336,-0.0197631,0.318202,1.3826,-0.0364495,1.30286,
1.60649,0.628865,-0.0201042,0.318747,1.38108,-0.0372859,1.30248,
1.60853,0.628378,-0.0204522,0.319301,1.37952,-0.0381228,1.30207,
1.61074,0.627913,-0.0207967,0.319836,1.37802,-0.038952,1.30171,
1.61304,0.627201,-0.0212996,0.320634,1.37576,-0.0401609,1.30115,
1.61547,0.626744,-0.0216245,0.321149,1.3743,-0.0409675,1.30083,
1.61758,0.626271,-0.0219623,0.321679,1.3728,-0.0417757,1.30047,
1.61973,0.625817,-0.022295,0.322195,1.37136,-0.0426135,1.30015,
1.62196,0.625122,-0.0228211,0.322995,1.36913,-0.043852,1.29961,
1.62445,0.624672,-0.0231669,0.323511,1.3677,-0.0446606,1.29926,
1.62643,0.624206,-0.023522,0.324046,1.36623,-0.0455002,1.29889,
1.6286,0.623761,-0.0238558,0.324568,1.3648,-0.0463199,1.29857,
1.63072,0.623265,-0.0242192,0.32514,1.36323,-0.0472221,1.2982,
1.63305,0.622586,-0.024761,0.325909,1.36115,-0.0484823,1.29763,
1.63547,0.622149,-0.0251016,0.326429,1.35974,-0.0493363,1.29736,
1.6375,0.621696,-0.0254526,0.326951,1.35831,-0.0501653,1.29702,
1.63964,0.621262,-0.0257903,0.327462,1.35693,-0.0509807,1.29673,
1.64188,0.620813,-0.0261865,0.328065,1.35537,-0.0519648,1.29654,
1.64415,0.62038,-0.026512,0.32858,1.35398,-0.0527445,1.29625,
1.64657,0.619933,-0.0268502,0.329109,1.35256,-0.0535454,1.29594,
1.64864,0.619487,-0.0271892,0.329646,1.35114,-0.054352,1.29563,
1.6508,0.618836,-0.0277159,0.330432,1.34912,-0.055391,1.29498,
1.65343,0.618394,-0.0280343,0.33098,1.34769,-0.0562116,1.29472,
1.65555,0.617969,-0.0283476,0.331509,1.3463,-0.0570273,1.2945,
1.65755,0.617532,-0.0286585,0.332048,1.3449,-0.0578555,1.29427,
1.65963,0.617108,-0.0289794,0.332564,1.34356,-0.0586404,1.29402,
1.66193,0.616463,-0.0294911,0.333337,1.34155,-0.0598151,1.2936,
1.66413,0.616045,-0.0297938,0.333852,1.34022,-0.0605964,1.29339,
1.66653,0.61561,-0.0301076,0.334381,1.33885,-0.0613617,1.29314,
1.66855,0.615192,-0.0303962,0.334909,1.33751,-0.0621344,1.29296,
1.67078,0.614761,-0.0306867,0.335448,1.33613,-0.0629038,1.29277,
1.67306,0.614121,-0.0311327,0.336252,1.33406,-0.0640768,1.29251,
1.67521,0.613704,-0.031424,0.336775,1.33271,-0.0648173,1.29233,
1.67754,0.613298,-0.0315721,0.337286,1.3314,-0.0655585,1.29239,
1.67964,0.612869,-0.0318536,0.337807,1.33004,-0.0662841,1.29222,
1.6819,0.612235,-0.0322613,0.338596,1.32802,-0.0673831,1.29199,
1.68446,0.611821,-0.0325396,0.339118,1.32669,-0.0681205,1.29184,
1.68643,0.611409,-0.0328085,0.339653,1.32535,-0.0688629,1.29172,
1.68859,0.610979,-0.0330967,0.340194,1.32397,-0.069625,1.29157,
1.69079,0.610568,-0.0333508,0.340724,1.32263,-0.0703472,1.29147,
1.69312,0.609938,-0.0337334,0.341508,1.32062,-0.0714166,1.29132,
1.69547,0.609513,-0.0339758,0.342042,1.31926,-0.0721073,1.29123,
1.69757,0.609103,-0.034216,0.342561,1.31794,-0.0727954,1.29115,
1.69967,0.60868,-0.034458,0.343102,1.31658,-0.0734875,1.29107,
1.70191,0.608066,-0.0348213,0.343898,1.31459,-0.07453,1.29098,
1.70412,0.607644,-0.0350621,0.344438,1.31325,-0.0752307,1.29092,
1.70653,0.607239,-0.0352779,0.344962,1.31193,-0.0759134,1.29092,
1.70861,0.606821,-0.0355124,0.345493,1.31061,-0.076592,1.29087,
1.71073,0.606416,-0.0357237,0.34601,1.30932,-0.0772483,1.29086,
1.713,0.605797,-0.0360617,0.346813,1.30733,-0.0782393,1.29081,
1.71548,0.605392,-0.0362711,0.347353,1.30601,-0.0788802,1.29081,
1.71754,0.604975,-0.0364906,0.347904,1.30465,-0.0795539,1.29079,
1.71971,0.604571,-0.0366846,0.348439,1.30333,-0.0801977,1.29082,
1.72191,0.603961,-0.0369849,0.349233,1.30136,-0.081203,1.29087,
1.72416,0.603563,-0.0371807,0.349751,1.30008,-0.0818328,1.29091,
1.72655,0.603154,-0.0373761,0.350287,1.29875,-0.0825058,1.29096,
1.72857,0.602755,-0.0375766,0.350817,1.29745,-0.0831282,1.29099,
1.73071,0.60215,-0.0378641,0.35163,1.29546,-0.084088,1.29106,
1.73343,0.601754,-0.0380432,0.352167,1.29415,-0.0846985,1.29112,
1.73555,0.601351,-0.0382182,0.352695,1.29283,-0.0853407,1.29123,
1.73767,0.600964,-0.0383921,0.353215,1.29157,-0.0859454,1.29132,
1.73992,0.600375,-0.0386516,0.354004,1.28965,-0.0868693,1.29148,
1.74244,0.599975,-0.0388296,0.354537,1.28835,-0.0874967,1.29157,
1.74395,0.599592,-0.0390044,0.355061,1.2871,-0.0880781,1.29166,
1.74665,0.599202,-0.0391614,0.35558,1.28583,-0.0886764,1.29178,
1.74878,0.598825,-0.0393089,0.356085,1.28461,-0.0892276,1.29191,
1.75108,0.598246,-0.0395313,0.356868,1.28261,-0.0901033,1.29212,
1.75353,0.597876,-0.0396743,0.357377,1.28141,-0.0906726,1.29229,
1.75551,0.5975,-0.0398183,0.357888,1.28017,-0.0912806,1.29248,
1.75769,0.597132,-0.0399713,0.358398,1.27898,-0.0918563,1.29264,
1.75994,0.596578,-0.0401925,0.359146,1.27719,-0.092699,1.29288,
1.76233,0.596204,-0.0403183,0.359663,1.27597,-0.0932769,1.2931,
1.76464,0.59585,-0.040441,0.360151,1.27482,-0.0937896,1.29329,
1.76682,0.595308,-0.0406068,0.360913,1.27302,-0.0946307,1.29367,
1.76951,0.594958,-0.0407158,0.361411,1.27186,-0.095162,1.29392,
1.77157,0.5946,-0.0408324,0.361915,1.27068,-0.0957048,1.29415,
1.77357,0.594255,-0.0409471,0.362399,1.26956,-0.0962001,1.29439,
1.7757,0.5939,-0.0410596,0.362895,1.26839,-0.0966951,1.29461,
1.77803,0.59339,-0.0411928,0.363535,1.26681,-0.0972651,1.29498,
1.78024,0.593056,-0.0412838,0.364025,1.26568,-0.0977459,1.29527,
1.78252,0.592712,-0.0413702,0.364536,1.26452,-0.0982348,1.29557,
1.78457,0.592381,-0.0414562,0.365021,1.26341,-0.0986969,1.29588,
1.78679,0.591878,-0.0415779,0.365758,1.26172,-0.09936,1.29633,
1.7891,0.591552,-0.0416674,0.366236,1.26064,-0.0997958,1.29663,
1.79141,0.591215,-0.041746,0.366741,1.25949,-0.100218,1.29692,
1.7936,0.590727,-0.0418446,0.367481,1.25784,-0.100842,1.29742,
1.79649,0.590405,-0.0419144,0.36798,1.25672,-0.101279,1.29777,
1.79856,0.590083,-0.0419713,0.368464,1.25563,-0.10166,1.29811,
1.80061,0.589773,-0.042026,0.368949,1.25454,-0.102061,1.29849,
1.8028,0.589296,-0.0420848,0.369698,1.25289,-0.102616,1.29905,
1.80512,0.588993,-0.0421359,0.370187,1.25182,-0.103,1.29943,
1.80746,0.588677,-0.0421923,0.370681,1.25074,-0.103407,1.29981,
1.80957,0.588375,-0.0422436,0.371153,1.24971,-0.103779,1.30018,
1.81172,0.588075,-0.0422834,0.371624,1.2487,-0.104175,1.30059,
1.81397,0.587609,-0.0424238,0.372299,1.24723,-0.105008,1.30114,
1.81617,0.587322,-0.0424492,0.372779,1.24622,-0.105401,1.3016,
1.81852,0.587028,-0.0424771,0.373254,1.24521,-0.105773,1.30204,
1.82064,0.586742,-0.0425053,0.373729,1.24419,-0.106162,1.30249,
1.82282,0.586472,-0.042494,0.374184,1.24329,-0.106581,1.30326,
1.82513,0.586031,-0.0425972,0.374894,1.2417,-0.10708,1.30358,
1.82753,0.585888,-0.0425492,0.375293,1.24101,-0.107307,1.30419,
1.82956,0.585614,-0.0425562,0.375759,1.24002,-0.107666,1.3047,
1.83169,0.585338,-0.0425605,0.376226,1.23905,-0.107996,1.30519,
1.83399,0.584944,-0.0426041,0.376874,1.23778,-0.108301,1.30562,
1.83611,0.584674,-0.0426087,0.377334,1.23686,-0.108614,1.30609,
1.83851,0.584406,-0.0426325,0.377795,1.23591,-0.108921,1.30655,
1.84065,0.584155,-0.0426376,0.378256,1.23499,-0.10918,1.30703,
1.84289,0.583771,-0.0426296,0.378935,1.2336,-0.109575,1.30781,
1.84515,0.583524,-0.0426021,0.379374,1.23271,-0.109816,1.30837,
1.84744,0.583275,-0.0425975,0.379825,1.23183,-0.11005,1.30886,
1.84957,0.58304,-0.0425812,0.380272,1.23095,-0.110236,1.30938,
1.85172,0.582803,-0.0425616,0.380722,1.23009,-0.110439,1.30989,
1.85395,0.582453,-0.0424368,0.381374,1.22884,-0.110728,1.31084,
1.85646,0.582223,-0.0424106,0.381812,1.22801,-0.110943,1.3114,
1.85853,0.581999,-0.0423767,0.382257,1.22715,-0.111159,1.312,
1.8607,0.581763,-0.0423459,0.382716,1.22627,-0.1114,1.31258,
1.86295,0.581426,-0.0422809,0.383383,1.22499,-0.111664,1.31344,
1.86514,0.581208,-0.0422269,0.383822,1.22417,-0.111859,1.31404,
1.86756,0.580999,-0.042172,0.384255,1.22336,-0.112032,1.31464,
1.86963,0.58078,-0.0421145,0.384707,1.22252,-0.11225,1.31528,
1.87183,0.580566,-0.0420489,0.385156,1.22169,-0.112442,1.31593,
1.87407,0.580252,-0.0419489,0.38582,1.22048,-0.112722,1.31691,
1.87624,0.58005,-0.0418929,0.386242,1.21972,-0.112881,1.31752,
1.8785,0.579848,-0.041838,0.386687,1.21892,-0.113031,1.31814,
1.88064,0.579639,-0.0417829,0.387126,1.21815,-0.113172,1.31874,
1.88289,0.579342,-0.0416608,0.387791,1.21695,-0.113332,1.31974,
1.88547,0.579155,-0.0415741,0.388215,1.21621,-0.113437,1.32043,
1.88752,0.578975,-0.0414903,0.388632,1.2155,-0.113492,1.32109,
1.88969,0.578783,-0.0414076,0.389073,1.21473,-0.113611,1.32177,
1.89197,0.578497,-0.0412724,0.389716,1.21363,-0.113708,1.32275,
1.89417,0.578316,-0.0411747,0.390138,1.21292,-0.113777,1.32345,
1.89655,0.578139,-0.0411042,0.390544,1.21223,-0.113841,1.32408,
1.89861,0.57797,-0.0410151,0.390967,1.21154,-0.113909,1.32477,
1.90081,0.577794,-0.0409358,0.391387,1.21083,-0.113994,1.32544,
1.90308,0.577541,-0.0407862,0.392012,1.2098,-0.114095,1.3265,
1.9055,0.577365,-0.0406967,0.392427,1.20909,-0.114205,1.32721,
1.90753,0.577205,-0.0406095,0.39283,1.20845,-0.114265,1.32788,
1.90975,0.577043,-0.0405174,0.393249,1.20778,-0.114354,1.32859,
1.91194,0.576811,-0.0403719,0.393852,1.20684,-0.114428,1.32964,
1.91445,0.576661,-0.040281,0.394245,1.20624,-0.114473,1.33035,
1.91653,0.5765,-0.0402054,0.39464,1.20562,-0.114492,1.331,
1.91862,0.57634,-0.0401298,0.395052,1.20497,-0.114528,1.33167,
1.92097,0.576107,-0.0400035,0.395659,1.20403,-0.114524,1.33266,
1.92405,0.575899,-0.0398648,0.396235,1.20322,-0.114468,1.33366,
1.92625,0.575767,-0.0397764,0.396613,1.20268,-0.114439,1.33434,
1.92851,0.575622,-0.0396935,0.397021,1.20207,-0.114423,1.335,
1.93067,0.575486,-0.0395981,0.397411,1.20151,-0.114397,1.33571,
1.93291,0.575268,-0.0394771,0.398007,1.20061,-0.114356,1.3367,
1.93516,0.575123,-0.0394101,0.398394,1.20004,-0.114314,1.33731,
1.9375,0.57496,-0.0393703,0.398843,1.19915,-0.114363,1.33787,
1.93954,0.574831,-0.0392896,0.399234,1.19862,-0.114329,1.33852,
1.94175,0.5747,-0.0392174,0.399635,1.19804,-0.114342,1.33919,
1.94403,0.574506,-0.039106,0.400216,1.19725,-0.114308,1.34019,
1.94623,0.574378,-0.0390465,0.400603,1.19672,-0.114307,1.34084,
1.94861,0.574241,-0.0389806,0.401012,1.19616,-0.114273,1.34146,
1.95068,0.574103,-0.0389348,0.401424,1.19559,-0.114269,1.34207,
1.95288,0.573895,-0.0388614,0.402023,1.19474,-0.114176,1.34294,
1.95545,0.573767,-0.0387952,0.402428,1.19419,-0.114103,1.34356,
1.95748,0.573643,-0.0387435,0.402823,1.19366,-0.114045,1.34417,
1.95961,0.57353,-0.0386696,0.403204,1.19318,-0.113936,1.34482,
1.96184,0.573352,-0.0385855,0.403786,1.19242,-0.113806,1.34574,
1.96414,0.573266,-0.03852,0.404022,1.19217,-0.113547,1.34631,
1.96652,0.573137,-0.0384998,0.404426,1.19162,-0.113513,1.34686,
1.96851,0.57301,-0.0384633,0.404828,1.19109,-0.113441,1.34743,
1.97098,0.572821,-0.0384061,0.405407,1.19032,-0.113327,1.3483,
1.974,0.572627,-0.0383357,0.406012,1.18954,-0.113215,1.34921,
1.9769,0.572441,-0.03829,0.406612,1.18878,-0.113145,1.35006,
1.97915,0.57232,-0.0382755,0.406995,1.18829,-0.113071,1.35059,
1.98146,0.572202,-0.0382476,0.407396,1.18779,-0.112979,1.35114,
1.98356,0.572086,-0.0382153,0.407792,1.18729,-0.11288,1.35171,
1.98572,0.571964,-0.0381938,0.408201,1.18677,-0.112778,1.35223,
1.98798,0.571781,-0.038149,0.408795,1.18601,-0.112743,1.35313,
1.99019,0.571654,-0.0381263,0.409214,1.18545,-0.112681,1.35373,
1.99272,0.571525,-0.0381276,0.40962,1.18495,-0.112548,1.35421,
1.99502,0.571336,-0.038126,0.410223,1.1842,-0.112392,1.35497,
1.99746,0.571207,-0.038132,0.410622,1.1837,-0.112268,1.35543,
1.99959,0.571079,-0.0381432,0.411038,1.18318,-0.112174,1.3559,
2.00166,0.570959,-0.0381324,0.411444,1.1827,-0.112061,1.35641,
2.0038,0.570817,-0.0381384,0.412034,1.18204,-0.111914,1.35719,
2.00622,0.570697,-0.0381883,0.412425,1.18166,-0.111712,1.35736,
2.00851,0.570583,-0.0383057,0.412796,1.18127,-0.111842,1.35772,
2.01058,0.570462,-0.0383136,0.413209,1.18075,-0.111754,1.35823,
2.01273,0.570339,-0.0383465,0.413626,1.18027,-0.111647,1.35865,
2.01503,0.570139,-0.0383924,0.414284,1.17942,-0.111492,1.3593,
2.01719,0.570014,-0.0384435,0.414702,1.17893,-0.111388,1.35969,
2.01956,0.569885,-0.0384685,0.415134,1.17841,-0.111275,1.36015,
2.02168,0.569686,-0.03852,0.415783,1.1776,-0.111111,1.36082,
2.02476,0.569552,-0.0385597,0.416228,1.17708,-0.110993,1.36125,
2.02709,0.569349,-0.0386503,0.416892,1.17627,-0.110819,1.36181,
2.02916,0.569215,-0.0387445,0.417332,1.17573,-0.11074,1.36213,
2.03154,0.569085,-0.0387927,0.417789,1.17516,-0.110649,1.36254,
2.0336,0.568963,-0.0388602,0.418217,1.17467,-0.110544,1.3629,
2.03588,0.568774,-0.0389564,0.418892,1.17387,-0.11041,1.36352,
2.03845,0.568651,-0.039012,0.419336,1.17335,-0.110316,1.36393,
2.04055,0.568527,-0.0390759,0.419784,1.17283,-0.110233,1.36434,
2.04257,0.5684,-0.0391535,0.420232,1.17229,-0.110119,1.36468,
2.04476,0.568274,-0.039232,0.420691,1.17176,-0.110003,1.36504,
2.04707,0.568099,-0.0392003,0.421352,1.17101,-0.109765,1.36581,
2.04922,0.567973,-0.039286,0.42181,1.17049,-0.109624,1.36613,
2.05155,0.567846,-0.0393724,0.422261,1.16997,-0.1095,1.3665,
2.05368,0.56772,-0.0394731,0.422713,1.16947,-0.109379,1.36682,
2.05586,0.567528,-0.0396049,0.423403,1.16867,-0.109198,1.36734,
2.05814,0.567396,-0.0397096,0.423859,1.16813,-0.109077,1.36764,
2.06048,0.56727,-0.0398086,0.424315,1.16761,-0.108987,1.36797,
2.06257,0.567142,-0.0399246,0.424765,1.1671,-0.108877,1.36826,
2.06475,0.567017,-0.0400343,0.425228,1.16659,-0.108819,1.3686,
2.06704,0.566839,-0.0401876,0.425898,1.16585,-0.108619,1.36909,
2.06966,0.566719,-0.0402887,0.426356,1.16536,-0.108499,1.36942,
2.07167,0.566599,-0.0404076,0.42681,1.16485,-0.108338,1.36971,
2.07384,0.566486,-0.0405302,0.427259,1.1644,-0.108189,1.36998,
2.07611,0.566314,-0.040713,0.427945,1.16368,-0.107941,1.37038,
2.07849,0.566204,-0.040841,0.428386,1.16325,-0.107759,1.37063,
2.08055,0.566094,-0.0409556,0.428838,1.1628,-0.107585,1.37092,
2.08269,0.565986,-0.0410793,0.429281,1.16237,-0.107409,1.37118,
2.08496,0.565829,-0.0412626,0.429956,1.16169,-0.107213,1.37163,
2.08716,0.565726,-0.0413959,0.430396,1.16125,-0.107051,1.37191,
2.08953,0.565621,-0.0415286,0.430852,1.16082,-0.106923,1.37218,
2.09159,0.565513,-0.041662,0.43131,1.16035,-0.106759,1.37245,
2.09376,0.565413,-0.0417911,0.431743,1.15994,-0.106587,1.37271,
2.09609,0.565254,-0.0420108,0.432418,1.15933,-0.106311,1.37304,
2.09856,0.56516,-0.0421427,0.432838,1.15902,-0.106109,1.3733,
2.10058,0.565051,-0.0422817,0.433301,1.15855,-0.105911,1.37355,
2.10268,0.564949,-0.0424221,0.433743,1.15816,-0.105704,1.37379,
2.10497,0.564794,-0.0426524,0.434415,1.15754,-0.1054,1.37411,
2.10718,0.564691,-0.0428071,0.434859,1.15713,-0.105227,1.37434,
2.10956,0.56459,-0.0429592,0.435305,1.15676,-0.10506,1.37455,
2.11163,0.564491,-0.0431221,0.435738,1.15638,-0.104874,1.37475,
2.11379,0.564356,-0.0432973,0.436249,1.1556,-0.104742,1.37485,
2.11605,0.564209,-0.0435395,0.436899,1.15504,-0.104447,1.37515,
2.11828,0.564111,-0.0437077,0.437339,1.15468,-0.104273,1.37535,
2.12059,0.564007,-0.0438781,0.437793,1.15427,-0.104076,1.37556,
2.12274,0.563917,-0.0440333,0.438209,1.15398,-0.103842,1.37577,
2.125,0.563764,-0.0442923,0.43887,1.15342,-0.10346,1.37599,
2.12748,0.563666,-0.0444801,0.439297,1.15308,-0.103222,1.37613,
2.1296,0.563569,-0.0446505,0.439718,1.15275,-0.10297,1.37628,
2.13167,0.563469,-0.0448482,0.440152,1.15241,-0.102763,1.3764,
2.13377,0.563372,-0.0450259,0.440574,1.15208,-0.102536,1.37656,
2.13605,0.563216,-0.0453011,0.441245,1.15154,-0.102248,1.37684,
2.13846,0.563113,-0.0454772,0.441687,1.15119,-0.102046,1.37701,
2.14055,0.563012,-0.0456847,0.442108,1.15085,-0.101845,1.37713,
2.14266,0.562913,-0.0458734,0.442535,1.15054,-0.101612,1.37726,
2.14496,0.562762,-0.0461728,0.443179,1.15007,-0.101246,1.37741,
2.14719,0.562669,-0.0463668,0.443586,1.14981,-0.100985,1.37753,
2.14956,0.562564,-0.0465731,0.444026,1.14946,-0.100724,1.37762,
2.15162,0.56253,-0.0467395,0.444231,1.14953,-0.100269,1.37774,
2.15379,0.562429,-0.0469562,0.444653,1.1492,-0.100006,1.37782,
2.15607,0.562284,-0.0472576,0.445284,1.14876,-0.0996644,1.37801,
2.15852,0.562181,-0.0474629,0.445725,1.14841,-0.0994217,1.37816,
2.16054,0.56209,-0.047668,0.44613,1.14818,-0.0991809,1.37826,
2.16269,0.56199,-0.0478813,0.446562,1.14787,-0.0989615,1.37837,
2.16494,0.561854,-0.0481814,0.447181,1.14749,-0.0985723,1.37855,
2.16715,0.561762,-0.0484053,0.447601,1.14724,-0.0983329,1.37865,
2.16958,0.561669,-0.0486088,0.448019,1.14697,-0.0980564,1.37874,
2.17169,0.561574,-0.048831,0.448445,1.14671,-0.0978153,1.37885,
2.17376,0.561475,-0.049028,0.448882,1.1464,-0.0974971,1.37895,
2.17605,0.561333,-0.0493957,0.449492,1.14612,-0.0972194,1.37889,
2.17824,0.561233,-0.049622,0.449927,1.14583,-0.0969238,1.37893,
2.1808,0.561147,-0.0498353,0.450337,1.14561,-0.0966655,1.37903,
2.18265,0.561049,-0.0500655,0.450775,1.14533,-0.0964181,1.3791,
2.18488,0.560925,-0.0504626,0.451345,1.14512,-0.0962009,1.37918,
2.18747,0.560827,-0.0506943,0.451777,1.14488,-0.0959462,1.37926,
2.18957,0.560731,-0.0508961,0.452203,1.1446,-0.0956776,1.37939,
2.19161,0.560633,-0.0511268,0.452632,1.14435,-0.0954357,1.37948,
2.19376,0.560541,-0.0513403,0.453053,1.1441,-0.0951514,1.37958,
2.19607,0.56039,-0.0516905,0.453681,1.14376,-0.094743,1.37969,
2.19864,0.5603,-0.0519276,0.454087,1.14358,-0.094412,1.37973,
2.20082,0.560198,-0.0521549,0.45452,1.14331,-0.0941317,1.37979,
2.2031,0.560057,-0.0524879,0.455144,1.143,-0.0936596,1.37987,
2.20533,0.559968,-0.0526989,0.455554,1.1428,-0.0933593,1.37999,
2.20756,0.55988,-0.052934,0.455963,1.14264,-0.0930645,1.38006,
2.2097,0.559795,-0.053143,0.456363,1.14245,-0.0927813,1.38018,
2.2122,0.559658,-0.0534908,0.456984,1.14215,-0.0923901,1.38032,
2.21444,0.559575,-0.0537152,0.457382,1.14198,-0.0920545,1.38038,
2.21656,0.559492,-0.0539627,0.457787,1.14185,-0.0917249,1.3804,
2.21861,0.559411,-0.0541925,0.458187,1.14169,-0.0913493,1.38045,
2.22089,0.559335,-0.0544056,0.458587,1.14158,-0.0908011,1.38045,
2.22311,0.559228,-0.0547401,0.459175,1.14138,-0.090488,1.38065,
2.22551,0.559156,-0.0549441,0.459576,1.14126,-0.0901605,1.38079,
2.22761,0.559093,-0.0551671,0.459954,1.14118,-0.0898081,1.38088,
2.22976,0.559048,-0.0551424,0.460355,1.14108,-0.0894819,1.38142,
2.23198,0.558954,-0.0554718,0.460934,1.14097,-0.0890042,1.38158,
2.23414,0.558896,-0.0556707,0.461311,1.14089,-0.0886773,1.38171,
2.23655,0.558836,-0.0558933,0.461697,1.14084,-0.0883353,1.3818,
2.23866,0.55878,-0.0560984,0.462068,1.14079,-0.0879654,1.3819,
2.24082,0.558721,-0.0563223,0.462447,1.14075,-0.0875946,1.38199,
2.24307,0.558636,-0.0566119,0.463007,1.1407,-0.0870033,1.38222,
2.24561,0.55857,-0.0568318,0.46339,1.14063,-0.0866233,1.38231,
2.24768,0.558507,-0.0570235,0.463768,1.14056,-0.0862186,1.38244,
2.24987,0.558413,-0.0573452,0.464336,1.1405,-0.0856785,1.38259,
2.25267,0.558362,-0.0575649,0.464693,1.14052,-0.0853135,1.3827,
2.2547,0.558303,-0.0577623,0.465083,1.14047,-0.0849649,1.38283,
2.25692,0.558229,-0.0580706,0.465638,1.14045,-0.0844044,1.38303,
2.25918,0.558185,-0.0582503,0.466001,1.14047,-0.0839978,1.38323,
2.26157,0.558143,-0.0584579,0.466359,1.1405,-0.0836057,1.38335,
2.26358,0.5581,-0.0586536,0.466726,1.14051,-0.0831884,1.3835,
2.26577,0.558067,-0.0588695,0.467073,1.14059,-0.0827663,1.3836,
2.268,0.558016,-0.0591675,0.4676,1.14073,-0.082097,1.3838,
2.27048,0.55797,-0.059364,0.467973,1.1407,-0.0816888,1.38391,
2.27256,0.557936,-0.059549,0.46831,1.14085,-0.0812571,1.3841,
2.27466,0.557871,-0.0598541,0.468839,1.14094,-0.0806295,1.3843,
2.27725,0.557833,-0.0600678,0.469181,1.141,-0.0802348,1.38443,
2.2792,0.557796,-0.0602533,0.469535,1.14109,-0.0798279,1.38462,
2.28153,0.557768,-0.0604586,0.469865,1.1412,-0.0794273,1.38478,
2.28361,0.557689,-0.0606794,0.470294,1.14078,-0.0790548,1.38477,
2.2858,0.557641,-0.0609833,0.470812,1.14093,-0.0783882,1.38496,
2.28819,0.557619,-0.0611733,0.471136,1.14109,-0.0778924,1.3851,
2.29046,0.55759,-0.0613877,0.471482,1.14118,-0.0774551,1.38521,
2.29267,0.557561,-0.0615832,0.471813,1.14131,-0.0769846,1.38533,
2.29481,0.55753,-0.0618009,0.472145,1.14145,-0.0765494,1.38545,
2.29705,0.557479,-0.0621138,0.472642,1.14164,-0.075869,1.38565,
2.29945,0.557441,-0.0623101,0.472982,1.14177,-0.0754595,1.38581,
2.30156,0.557411,-0.0625191,0.473307,1.14189,-0.0750187,1.38595,
2.30365,0.557376,-0.0627223,0.473649,1.142,-0.0746207,1.38611,
2.30593,0.557338,-0.0630394,0.474139,1.14225,-0.0739537,1.3863,
2.30819,0.557319,-0.0632449,0.47445,1.14245,-0.0734728,1.38641,
2.31055,0.55729,-0.0634648,0.474787,1.14258,-0.0730407,1.38654,
2.31256,0.557279,-0.0636528,0.475094,1.14281,-0.0725412,1.38671,
2.31478,0.557256,-0.0638715,0.475408,1.143,-0.0720636,1.38683,
2.31704,0.557207,-0.0641948,0.47591,1.14321,-0.0713541,1.387,
2.31921,0.55717,-0.064409,0.476245,1.14333,-0.0709354,1.38715,
2.32163,0.557124,-0.0646435,0.476591,1.14348,-0.0705078,1.38723,
2.32363,0.557092,-0.0648556,0.476924,1.14366,-0.0700959,1.38738,
2.32587,0.557045,-0.0651962,0.477405,1.1439,-0.0694296,1.38753,
2.32818,0.557016,-0.0654051,0.47774,1.14409,-0.0689841,1.38767,
2.33057,0.556986,-0.0656312,0.478063,1.14428,-0.0685192,1.38777,
2.33256,0.556963,-0.0658339,0.478391,1.14448,-0.0680552,1.38796,
2.33475,0.556933,-0.0660667,0.478713,1.14465,-0.0675692,1.38805,
2.33703,0.55688,-0.0664106,0.47921,1.14491,-0.0668368,1.38819,
2.33919,0.556922,-0.0666198,0.479315,1.14547,-0.0661962,1.38826,
2.34188,0.556876,-0.0668607,0.479652,1.14565,-0.0656963,1.38831,
2.3441,0.556828,-0.0671878,0.480132,1.14596,-0.0649916,1.38849,
2.34632,0.556791,-0.0674318,0.480462,1.14615,-0.0645541,1.38858,
2.34858,0.55676,-0.0676431,0.480797,1.14635,-0.0641187,1.38877,
2.3507,0.556726,-0.0678809,0.481123,1.14653,-0.0636875,1.38889,
2.35296,0.556685,-0.0682349,0.481602,1.14687,-0.0632046,1.38915,
2.35521,0.55666,-0.0684497,0.481917,1.1471,-0.0627463,1.38933,
2.35756,0.556612,-0.0686998,0.482253,1.14727,-0.0622526,1.38937,
2.35963,0.556572,-0.068928,0.48257,1.14747,-0.0617595,1.38946,
2.36194,0.556526,-0.0691707,0.482903,1.1477,-0.0612515,1.38952,
2.36418,0.556468,-0.069574,0.48336,1.14808,-0.0606684,1.38964,
2.36626,0.556427,-0.0698144,0.483677,1.14828,-0.0601905,1.38973,
2.36861,0.556388,-0.0700456,0.484005,1.14851,-0.0597349,1.38987,
2.37087,0.556356,-0.0702931,0.484315,1.14875,-0.0592862,1.38997,
2.37295,0.556305,-0.0706681,0.484784,1.14919,-0.0585823,1.38992,
2.37549,0.556269,-0.0709171,0.485098,1.14943,-0.0581216,1.39,
2.37747,0.556246,-0.0711319,0.485408,1.14973,-0.0576059,1.39015,
2.37962,0.556204,-0.0713765,0.485719,1.14995,-0.0571253,1.39024,
2.38178,0.55616,-0.0716043,0.486045,1.15019,-0.0566278,1.39036,
2.38406,0.556095,-0.0719607,0.486514,1.15053,-0.0558915,1.39051,
2.38654,0.556066,-0.0722006,0.486811,1.15085,-0.0553814,1.39062,
2.38854,0.556028,-0.0724287,0.48713,1.15108,-0.0548949,1.39076,
2.39065,0.556003,-0.0726661,0.487417,1.15141,-0.0543973,1.39087,
2.39292,0.555954,-0.0729997,0.487878,1.15185,-0.0536805,1.39109,
2.3953,0.555927,-0.0732388,0.488171,1.15215,-0.0532111,1.3912,
2.39761,0.555837,-0.0734712,0.488503,1.15228,-0.0527718,1.39131,
2.39962,0.555801,-0.0737233,0.488796,1.15259,-0.0523144,1.39142,
2.40182,0.555746,-0.0739934,0.48911,1.15283,-0.0518448,1.39146,
2.40407,0.555683,-0.0743554,0.48956,1.15326,-0.0511367,1.39167,
2.4062,0.555648,-0.0745801,0.489853,1.15359,-0.0506032,1.39179,
2.40853,0.555611,-0.0748249,0.490156,1.15388,-0.0500781,1.39189,
2.41066,0.555582,-0.0750523,0.490438,1.15423,-0.0495454,1.39202,
2.41296,0.555531,-0.0754172,0.490891,1.15467,-0.0487956,1.39218,
2.41518,0.555508,-0.0756489,0.491164,1.15506,-0.0482834,1.39229,
2.41755,0.55547,-0.0759105,0.491463,1.15536,-0.0478033,1.39237,
2.41959,0.555434,-0.0761446,0.491748,1.1557,-0.0473247,1.39252,
2.42182,0.555393,-0.0764097,0.492038,1.15602,-0.0468606,1.3926,
2.4241,0.555366,-0.0765306,0.492472,1.15652,-0.0461538,1.39324,
2.42622,0.555327,-0.0767845,0.492752,1.15687,-0.0456475,1.39333,
2.42858,0.555294,-0.0770257,0.493039,1.15721,-0.0451449,1.39345,
2.43069,0.555259,-0.0772927,0.493314,1.15758,-0.0446041,1.39349,
2.43298,0.555214,-0.0776683,0.493731,1.15814,-0.0438431,1.39364,
2.43547,0.555182,-0.0779409,0.493994,1.15853,-0.0433339,1.39369,
2.43752,0.555152,-0.0781915,0.49427,1.15894,-0.0428303,1.39381,
2.43962,0.555111,-0.0784643,0.494543,1.1593,-0.0423407,1.39388,
2.44184,0.55505,-0.0788494,0.494954,1.15984,-0.0416231,1.39405,
2.44447,0.555015,-0.0791196,0.495217,1.16026,-0.0411562,1.39415,
2.44661,0.554976,-0.0793775,0.495498,1.16063,-0.0406724,1.39423,
2.44863,0.554959,-0.0796455,0.495735,1.16118,-0.0401615,1.39435,
2.45091,0.554911,-0.0800324,0.496141,1.16181,-0.0393997,1.39449,
2.45317,0.554882,-0.0803176,0.496408,1.16223,-0.0388886,1.39453,
2.45556,0.554861,-0.0805712,0.496652,1.1627,-0.0383735,1.39465,
2.45758,0.55482,-0.0808551,0.496927,1.16307,-0.0378673,1.39471,
2.45981,0.554782,-0.0811183,0.497181,1.1635,-0.0373492,1.3948,
2.46205,0.554719,-0.0815338,0.497574,1.1641,-0.0365762,1.39489,
2.46452,0.554639,-0.0818304,0.497914,1.16398,-0.0361734,1.3948,
2.46655,0.554602,-0.0821061,0.49818,1.16439,-0.0356748,1.39487,
2.46864,0.554574,-0.0823627,0.498419,1.16487,-0.0351693,1.39498,
2.47096,0.554522,-0.0827779,0.498814,1.16551,-0.0344531,1.39509,
2.47344,0.554501,-0.0830308,0.499054,1.166,-0.0339583,1.39525,
2.47556,0.554461,-0.0833119,0.499311,1.16644,-0.0334834,1.39534,
2.47768,0.554418,-0.0835754,0.499579,1.16683,-0.0329972,1.39545,
2.47982,0.554375,-0.0838551,0.49983,1.16727,-0.0324849,1.39551,
2.48212,0.554314,-0.084272,0.500207,1.16796,-0.0316819,1.39561,
2.4845,0.55428,-0.0845282,0.500453,1.16843,-0.0311505,1.39573,
2.48662,0.554242,-0.0848085,0.500713,1.16888,-0.0306185,1.39579,
2.48874,0.554216,-0.0850562,0.500948,1.16939,-0.0300835,1.39594,
2.49098,0.554161,-0.085463,0.501332,1.17005,-0.0293113,1.39607,
2.49348,0.554129,-0.0857213,0.501568,1.17056,-0.0288167,1.39623,
2.49559,0.554089,-0.0859929,0.501813,1.17106,-0.0283216,1.39634,
2.4977,0.55403,-0.0862607,0.50209,1.17144,-0.0278711,1.39647,
2.49989,0.553977,-0.0865496,0.502343,1.1719,-0.0273912,1.39653,
2.50211,0.553911,-0.0869688,0.502709,1.1726,-0.0266202,1.39665,
2.50455,0.553875,-0.0872298,0.502941,1.17312,-0.0260704,1.39676,
2.50656,0.55383,-0.0875076,0.503194,1.17358,-0.0254964,1.39682,
2.50868,0.553799,-0.0877618,0.503418,1.17413,-0.0249447,1.39694,
2.51096,0.553825,-0.0881529,0.503577,1.17524,-0.0240067,1.39711,
2.51313,0.553783,-0.0884047,0.503816,1.17571,-0.0234705,1.39725,
2.51558,0.55373,-0.0886917,0.504063,1.17617,-0.0229792,1.39732,
2.51767,0.553685,-0.08895,0.504287,1.17668,-0.0224786,1.39747,
2.51988,0.553632,-0.0892396,0.50453,1.17716,-0.0220303,1.39756,
2.52215,0.553567,-0.0896603,0.504861,1.17797,-0.0214701,1.39779,
2.52457,0.553526,-0.089925,0.505088,1.17851,-0.0209873,1.39791,
2.52655,0.553479,-0.090199,0.505318,1.17899,-0.0204749,1.39806,
2.52869,0.553442,-0.0904626,0.505548,1.17954,-0.0199615,1.39821,
2.53097,0.553374,-0.0908717,0.505888,1.18033,-0.0191626,1.39838,
2.53317,0.553326,-0.0911235,0.506118,1.18083,-0.0185992,1.39852,
2.53554,0.55327,-0.0914034,0.506348,1.18137,-0.0180676,1.39862,
2.53761,0.553222,-0.0916716,0.506562,1.18189,-0.0175196,1.39871,
2.53978,0.553169,-0.0919704,0.506776,1.18241,-0.0170123,1.39875,
2.54207,0.553092,-0.092415,0.507091,1.18333,-0.0162595,1.39869,
2.54424,0.553048,-0.092708,0.507297,1.18392,-0.0157856,1.39879,
2.54659,0.553007,-0.0930099,0.507487,1.18451,-0.0153765,1.3989,
2.54868,0.552963,-0.0932963,0.5077,1.1851,-0.014901,1.39904,
2.55096,0.55289,-0.0937177,0.508018,1.18591,-0.0141629,1.39924,
2.55352,0.552851,-0.0939768,0.508213,1.18651,-0.0136429,1.3994,
2.55555,0.55279,-0.0942705,0.508427,1.18703,-0.0131418,1.39946,
2.5576,0.552733,-0.0945345,0.508642,1.18759,-0.0126055,1.3996,
2.55979,0.552675,-0.0948173,0.50884,1.18816,-0.0120615,1.39968,
2.56205,0.552594,-0.0952157,0.509157,1.189,-0.0112467,1.39988,
2.56453,0.552538,-0.09549,0.509375,1.18953,-0.0107501,1.40003,
2.56661,0.5525,-0.0957468,0.50956,1.19017,-0.0102183,1.40021,
2.56871,0.552443,-0.0960342,0.509774,1.1907,-0.00973438,1.40032,
2.57099,0.552365,-0.0964256,0.510069,1.19159,-0.00897991,1.40057,
2.57322,0.552324,-0.0967032,0.510254,1.19225,-0.00849008,1.40074,
2.5756,0.552271,-0.0969626,0.510443,1.19283,-0.00799651,1.40089,
2.57763,0.552206,-0.0972418,0.51065,1.19341,-0.00753585,1.40104,
2.57982,0.552146,-0.0974988,0.510844,1.19397,-0.00703159,1.4012,
2.58216,0.552021,-0.0978846,0.511148,1.19476,-0.00626494,1.40146,
2.58457,0.551971,-0.0981439,0.511334,1.19539,-0.00573279,1.40166,
2.58657,0.551913,-0.0983848,0.511538,1.19596,-0.00518468,1.40185,
2.58867,0.551867,-0.0986234,0.511716,1.19657,-0.00464579,1.40206,
2.59099,0.551786,-0.098998,0.512002,1.19748,-0.00383534,1.40234,
2.59319,0.551735,-0.0992441,0.512194,1.19811,-0.00331179,1.40257,
2.59559,0.551688,-0.0994759,0.512369,1.19873,-0.0027669,1.40279,
2.5976,0.551636,-0.0997039,0.512549,1.19936,-0.00225195,1.40306,
2.59987,0.551537,-0.100097,0.512828,1.20023,-0.00150004,1.40333,
2.60218,0.551475,-0.100333,0.51301,1.20085,-0.00100648,1.4036,
2.60454,0.551422,-0.100545,0.513175,1.2015,-0.000505802,1.40388,
2.60658,0.551356,-0.100775,0.51337,1.20206,-1.20318e-05,1.40413,
2.60886,0.551299,-0.100986,0.513546,1.2027,0.000511726,1.4044,
2.61104,0.551215,-0.101303,0.513817,1.20361,0.00131744,1.40483,
2.61356,0.551167,-0.101497,0.513984,1.20426,0.00185425,1.40515,
2.61557,0.551113,-0.101705,0.514155,1.20498,0.00241267,1.40548,
2.61771,0.551064,-0.101896,0.514329,1.20559,0.00294035,1.40583,
2.61898,0.551009,-0.101995,0.514613,1.20638,0.00374119,1.4066,
2.62223,0.550957,-0.102186,0.514778,1.20712,0.00430223,1.40698,
2.62464,0.550897,-0.102391,0.514947,1.20778,0.00484544,1.40729,
2.62665,0.550833,-0.102579,0.51513,1.20835,0.00536341,1.40762,
2.6288,0.550768,-0.102787,0.51529,1.20901,0.00588006,1.4079,
2.63103,0.550615,-0.103101,0.515677,1.20919,0.00654157,1.40818,
2.63325,0.550553,-0.103283,0.515847,1.20983,0.00707617,1.40855,
2.63559,0.55049,-0.103459,0.516025,1.21043,0.00760454,1.40891,
2.63768,0.550428,-0.103638,0.51619,1.21109,0.00813331,1.40929,
2.63989,0.550322,-0.103902,0.516469,1.21195,0.00891444,1.40983,
2.64252,0.550264,-0.104071,0.516628,1.21261,0.00944398,1.41021,
2.64431,0.550195,-0.104253,0.516808,1.21321,0.00999226,1.41054,
2.64665,0.550132,-0.104409,0.516984,1.21386,0.0105347,1.41097,
2.6488,0.550064,-0.104587,0.517158,1.21447,0.0111032,1.41133,
2.65105,0.549965,-0.104812,0.517414,1.21539,0.0119424,1.41197,
2.65318,0.549894,-0.10497,0.517578,1.21603,0.0125251,1.41237,
2.65558,0.549814,-0.105131,0.517756,1.21661,0.0130658,1.41273,
2.65769,0.54973,-0.105293,0.517936,1.2172,0.0136317,1.4131,
2.65986,0.54961,-0.105516,0.518195,1.21809,0.0144409,1.41371,
2.66223,0.549535,-0.105653,0.518361,1.21872,0.0149879,1.41416,
2.66457,0.549451,-0.105806,0.518547,1.21927,0.0154947,1.41459,
2.66666,0.549381,-0.10593,0.518702,1.21992,0.0160267,1.41509,
2.6688,0.549304,-0.106085,0.518868,1.22052,0.0165182,1.41551,
2.67114,0.549194,-0.106278,0.519108,1.22147,0.017295,1.41622,
2.67357,0.549111,-0.106413,0.519282,1.22206,0.0178197,1.41666,
2.67574,0.549048,-0.106528,0.519426,1.22274,0.0183785,1.41716,
2.67801,0.548937,-0.106711,0.51967,1.22367,0.0192435,1.41789,
2.68022,0.548868,-0.106832,0.519829,1.2243,0.0198314,1.41836,
2.68268,0.548799,-0.106926,0.519987,1.22495,0.0204451,1.4189,
2.68473,0.548731,-0.107048,0.520131,1.2256,0.0210269,1.41936,
2.68688,0.548649,-0.107142,0.520308,1.22621,0.021634,1.41989,
2.68918,0.548529,-0.107303,0.520552,1.22712,0.0224887,1.42062,
2.69151,0.548456,-0.107401,0.520692,1.22777,0.0230598,1.42116,
2.69371,0.548375,-0.107512,0.520846,1.22838,0.0236316,1.42166,
2.6958,0.548301,-0.107587,0.520984,1.22904,0.0241876,1.4223,
2.69804,0.548168,-0.10773,0.521227,1.2299,0.0249903,1.42311,
2.70051,0.548154,-0.107824,0.521208,1.23086,0.025606,1.42364,
2.70259,0.54807,-0.107898,0.521361,1.23146,0.026044,1.42425,
2.70466,0.547986,-0.10799,0.521497,1.23211,0.0265837,1.4248,
2.70689,0.547848,-0.108117,0.521733,1.233,0.0273998,1.42562,
2.70913,0.547765,-0.108255,0.521852,1.23379,0.0279776,1.42586,
2.71203,0.547678,-0.108328,0.522003,1.23437,0.0285384,1.42645,
2.71372,0.547591,-0.108414,0.522144,1.23503,0.0291074,1.427,
2.71597,0.547457,-0.108543,0.522355,1.23599,0.0299656,1.42785,
2.7182,0.547365,-0.108623,0.522508,1.23659,0.0305235,1.4284,
2.72057,0.547287,-0.108687,0.522635,1.23728,0.0311253,1.429,
2.72268,0.547194,-0.108771,0.522786,1.23788,0.0317108,1.42956,
2.72482,0.547101,-0.108844,0.522937,1.23848,0.0322909,1.43013,
2.72709,0.546963,-0.108991,0.523143,1.23943,0.0330498,1.431,
2.72953,0.546878,-0.109064,0.523273,1.24008,0.0336236,1.43158,
2.73157,0.546793,-0.109134,0.523407,1.24076,0.0341797,1.43218,
2.7337,0.546701,-0.109227,0.523546,1.24139,0.0347017,1.43272,
2.73594,0.546567,-0.109329,0.523753,1.24238,0.0354974,1.43364,
2.73819,0.546474,-0.109412,0.523892,1.243,0.0360156,1.43421,
2.74061,0.546394,-0.109475,0.52401,1.2437,0.0365528,1.43487,
2.74259,0.546302,-0.109549,0.524153,1.24434,0.0370903,1.43548,
2.74485,0.546222,-0.109607,0.524275,1.24504,0.0376208,1.43613,
2.74706,0.54609,-0.109711,0.52446,1.24607,0.0384482,1.43704,
2.74925,0.546005,-0.10978,0.524579,1.24675,0.0389942,1.43763,
2.75162,0.545913,-0.109844,0.524713,1.24743,0.039554,1.43826,
2.75363,0.545829,-0.109897,0.524838,1.24809,0.040105,1.43891,
2.75585,0.545704,-0.109992,0.525007,1.24916,0.0409604,1.43986,
2.75824,0.545615,-0.11007,0.525125,1.24984,0.0415219,1.44044,
2.76061,0.545531,-0.11012,0.525233,1.25056,0.0421147,1.44108,
2.76273,0.545442,-0.11019,0.525346,1.2513,0.0426812,1.44169,
2.76482,0.545358,-0.110246,0.525456,1.25199,0.0432657,1.44232,
2.76709,0.545235,-0.110325,0.525609,1.25307,0.0441277,1.44331,
2.76921,0.545152,-0.110366,0.525714,1.25377,0.0446823,1.44398,
2.77165,0.545061,-0.110408,0.525831,1.25447,0.0452569,1.44466,
2.77365,0.544973,-0.110457,0.525937,1.25515,0.0458019,1.44531,
2.77594,0.54484,-0.110533,0.526073,1.25627,0.0466407,1.44629,
2.7782,0.544754,-0.110589,0.526165,1.25697,0.0471779,1.44694,
2.7805,0.54466,-0.110644,0.526268,1.2577,0.0477218,1.44761,
2.7826,0.544571,-0.110703,0.526366,1.2584,0.0482477,1.44826,
2.78478,0.544486,-0.110733,0.526463,1.25913,0.0487803,1.449,
2.78707,0.544367,-0.110787,0.526582,1.26029,0.0495606,1.45007,
2.78987,0.544286,-0.110822,0.526669,1.26102,0.0500666,1.45076,
2.79184,0.544152,-0.110884,0.526813,1.26211,0.0508755,1.4518,
2.79422,0.544072,-0.110919,0.526888,1.2629,0.0514228,1.45251,
2.79665,0.543991,-0.110932,0.526975,1.26361,0.0519847,1.45326,
2.79866,0.543915,-0.110949,0.52705,1.26437,0.0525453,1.45399,
2.80084,0.543862,-0.110824,0.527133,1.26514,0.0531225,1.45501,
2.80314,0.543745,-0.110863,0.527242,1.26639,0.0539685,1.45614,
2.80534,0.543674,-0.110885,0.527312,1.26717,0.0545359,1.45684,
2.80764,0.543611,-0.110912,0.527362,1.26803,0.0550874,1.45759,
2.80974,0.543542,-0.11093,0.527432,1.26881,0.0556389,1.45833,
2.81198,0.543437,-0.110971,0.52753,1.27002,0.0564756,1.45946,
2.81449,0.543368,-0.110984,0.527596,1.27085,0.0570147,1.46024,
2.81658,0.543304,-0.111002,0.527658,1.27165,0.0575678,1.46099,
2.81867,0.543203,-0.111058,0.527838,1.27172,0.0580153,1.46143,
2.82114,0.543117,-0.111082,0.527914,1.27303,0.0588575,1.46259,
2.82324,0.543056,-0.1111,0.527967,1.27389,0.0593951,1.46336,
2.8256,0.54299,-0.111099,0.528039,1.27467,0.0599351,1.46417,
2.8277,0.542937,-0.111114,0.528076,1.27558,0.0604695,1.46497,
2.82991,0.542863,-0.11113,0.528129,1.27692,0.061227,1.46617,
2.83224,0.542812,-0.111151,0.528166,1.2778,0.0617312,1.46695,
2.8345,0.542761,-0.111156,0.528206,1.27872,0.0622247,1.46777,
2.8367,0.542709,-0.111164,0.528253,1.27957,0.0627268,1.46858,
2.83883,0.542666,-0.111158,0.528289,1.28049,0.0632195,1.46945,
2.84109,0.542599,-0.111176,0.528338,1.28183,0.0639667,1.47068,
2.84319,0.542561,-0.111176,0.528356,1.28279,0.0644802,1.47152,
2.84563,0.542514,-0.111178,0.528399,1.28366,0.065008,1.47234,
2.84769,0.542472,-0.111168,0.528424,1.28462,0.0655341,1.47318,
2.8499,0.542398,-0.111166,0.52848,1.28592,0.0663143,1.47443,
2.85223,0.542359,-0.111162,0.528487,1.2869,0.0668465,1.47531,
2.85461,0.542318,-0.111148,0.528505,1.28782,0.0673816,1.47616,
2.85664,0.542276,-0.111145,0.528511,1.28878,0.0678983,1.477,
2.8588,0.542224,-0.111132,0.528544,1.28965,0.0684122,1.47785,
2.86108,0.542149,-0.111129,0.528577,1.29104,0.0692077,1.47913,
2.86331,0.542104,-0.111125,0.528594,1.29195,0.0697175,1.47998,
2.86562,0.542067,-0.111109,0.528587,1.29294,0.0702441,1.48089,
2.86771,0.54202,-0.111079,0.528617,1.29381,0.0707522,1.48185,
2.86992,0.541972,-0.111059,0.528609,1.29529,0.0715432,1.48315,
2.87247,0.541926,-0.11105,0.52863,1.29624,0.0720568,1.48404,
2.87457,0.541885,-0.111032,0.528647,1.29716,0.0725654,1.48491,
2.87659,0.541854,-0.111008,0.528639,1.29817,0.0730791,1.48584,
2.87881,0.541825,-0.110977,0.528639,1.29914,0.0736007,1.48676,
2.88112,0.541787,-0.111001,0.5286,1.30076,0.0742528,1.48782,
2.88323,0.541754,-0.110978,0.528607,1.30171,0.0747413,1.48872,
2.88563,0.541725,-0.110956,0.528601,1.30273,0.0752182,1.48967,
2.88767,0.541751,-0.110917,0.528487,1.30397,0.0757226,1.49064,
2.88986,0.541717,-0.110871,0.528485,1.30543,0.0764166,1.49206,
